entry_time,exit_time,type,entry_price,exit_price,ret,capital,reason
2022-09-15 10:15:00,2022-09-15 10:45:00,LONG,12.28,11.87,-0.03538762214983715,9646123.778501628,SL (-2.0%)
2022-09-15 11:00:00,2022-09-15 11:45:00,LONG,11.65,11.795,0.010446351931330436,9746890.58226503,Trailing SL
2022-09-15 12:30:00,2022-09-15 13:45:00,LONG,12.04,12.19,0.010458471760797372,9848828.16217523,Trailing SL
2022-09-15 15:00:00,2022-09-16 09:30:00,LONG,11.74,11.4,-0.030960817717206122,9543900.388718037,SL (-2.0%)
2022-09-16 09:45:00,2022-09-16 10:00:00,LONG,11.33,11.8,0.03948278905560464,9920720.194533495,TP (+3.5%)
2022-09-16 10:15:00,2022-09-16 11:30:00,LONG,11.71,11.44,-0.025057216054654254,9672134.565201297,SL (-2.0%)
2022-09-16 11:45:00,2022-09-16 12:15:00,LONG,11.565,11.325,-0.022752269779507152,9452071.550230142,SL (-2.0%)
2022-09-16 12:30:00,2022-09-16 14:00:00,LONG,11.54,11.64,0.006665511265164769,9515074.439627344,TimeStop (90m)
2022-09-16 15:15:00,2022-09-19 09:45:00,SHORT,11.875,12.16,-0.02600000000000001,9267682.504197033,SL (-2.0%)
2022-09-19 11:30:00,2022-09-19 13:00:00,LONG,11.92,12.09,0.012261744966442946,9381320.463493463,TimeStop (90m)
2022-09-19 15:00:00,2022-09-20 09:30:00,SHORT,12.29,11.85,0.03380146460537018,9698422.835091872,TP (+3.5%)
2022-09-20 10:00:00,2022-09-20 11:30:00,LONG,11.88,11.79,-0.009575757575757713,9605553.08915584,TimeStop (90m)
2022-09-20 11:45:00,2022-09-20 13:00:00,LONG,11.94,11.675,-0.024194304857621342,9373153.409390736,SL (-2.0%)
2022-09-20 13:15:00,2022-09-20 14:45:00,LONG,11.6,11.73,0.009206896551724205,9459451.063194439,TimeStop (90m)
2022-09-21 13:00:00,2022-09-21 14:00:00,LONG,12.17,11.63,-0.04637140509449459,9020803.025971502,SL (-2.0%)
2022-09-21 14:15:00,2022-09-21 14:30:00,LONG,11.83,12.7,0.07154184277261194,9666167.897738257,TP (+3.5%)
2022-09-21 15:15:00,2022-09-21 15:30:00,LONG,11.89,11.63,-0.02386711522287635,9435464.35475927,SL (-2.0%)
2022-09-22 09:30:00,2022-09-22 10:45:00,SHORT,10.83,10.39,0.038627885503231714,9799936.391524736,TP (+3.5%)
2022-09-22 12:15:00,2022-09-22 14:00:00,LONG,10.47,10.33,-0.01537153772683864,9649296.299561795,TimeStop (90m)
2022-09-22 14:15:00,2022-09-22 15:00:00,LONG,10.255,10.66,0.037492930277913145,10011076.692952191,TP (+3.5%)
2022-09-22 15:15:00,2022-09-23 09:30:00,SHORT,10.57,9.81,0.06990160832544937,10710867.05485897,TP (+3.5%)
2022-09-23 09:45:00,2022-09-23 11:15:00,LONG,9.59,9.69,0.008427528675703821,10801133.194105444,TimeStop (90m)
2022-09-23 11:30:00,2022-09-23 13:00:00,LONG,9.65,9.66,-0.0009637305699482087,10790723.811856203,TimeStop (90m)
2022-09-23 13:15:00,2022-09-23 14:45:00,LONG,9.55,9.48,-0.009329842931937202,10690048.05356967,TimeStop (90m)
2022-09-23 15:00:00,2022-09-23 15:30:00,LONG,9.67,10.01,0.03316028955532573,11044533.142386388,TP (+3.5%)
2022-09-23 15:45:00,2022-09-26 09:45:00,SHORT,9.95,10.23,-0.030140703517588054,10711643.143451545,SL (-2.0%)
2022-09-26 10:00:00,2022-09-26 10:45:00,LONG,10.22,10.015,-0.022058708414872806,10475358.130705977,SL (-2.0%)
2022-09-26 11:00:00,2022-09-26 12:15:00,LONG,9.82,9.56,-0.028476578411405273,10177055.773509376,SL (-2.0%)
2022-09-26 13:45:00,2022-09-26 15:15:00,LONG,9.525,9.76,0.02267191601049863,10407789.12724054,TimeStop (90m)
2022-09-26 15:30:00,2022-09-27 09:30:00,SHORT,9.665,10.17,-0.05425038799793076,9843162.528887095,SL (-2.0%)
2022-09-27 10:15:00,2022-09-27 11:45:00,LONG,9.9,9.73,-0.019171717171717166,9654452.200808028,TimeStop (90m)
2022-09-27 14:15:00,2022-09-27 15:15:00,LONG,9.63,9.77,0.012537902388369552,9775498.78011494,Trailing SL
2022-09-28 10:00:00,2022-09-28 11:30:00,LONG,9.74,9.98,0.022640657084188935,9996822.495822428,TimeStop (90m)
2022-09-28 12:00:00,2022-09-28 13:30:00,SHORT,10.2,10.065,0.01123529411764704,10109139.736804903,TimeStop (90m)
2022-09-28 15:00:00,2022-09-29 09:30:00,SHORT,10.195,9.32,0.08382638548307994,10956552.38128463,TP (+3.5%)
2022-09-29 14:15:00,2022-09-29 15:45:00,LONG,8.915,9.235,0.033894559730790835,11327919.900415622,TP (+3.5%)
2022-09-30 09:30:00,2022-09-30 11:00:00,LONG,9.135,9.575,0.04616639299397914,11850889.102342525,TP (+3.5%)
2022-09-30 14:30:00,2022-09-30 15:45:00,LONG,9.05,8.79,-0.030729281767955974,11486719.791915843,SL (-2.0%)
2022-10-03 09:45:00,2022-10-03 10:15:00,LONG,9.24,9.74,0.05211255411255411,12085322.098647805,TP (+3.5%)
2022-10-03 15:15:00,2022-10-04 09:30:00,SHORT,9.945,10.65,-0.0728898944193062,11204424.24685406,Trailing SL
2022-10-05 09:30:00,2022-10-05 11:00:00,LONG,10.45,10.495,0.0023062200956937735,11230264.115212834,TimeStop (90m)
2022-10-05 13:15:00,2022-10-05 14:45:00,SHORT,11.31,11.46,-0.015262599469496051,11058861.092085686,TimeStop (90m)
2022-10-05 15:00:00,2022-10-06 09:30:00,SHORT,11.595,11.88,-0.026579560155239337,10764921.42844016,Trailing SL
2022-10-06 14:45:00,2022-10-07 09:30:00,LONG,11.22,10.02,-0.1089518716577541,9592063.09056294,SL (-2.0%)
2022-10-07 09:45:00,2022-10-07 11:15:00,SHORT,9.77,9.57,0.018470829068577208,9769236.448323736,TimeStop (90m)
2022-10-07 13:15:00,2022-10-07 14:15:00,LONG,9.31,9.115,-0.022945220193340526,9545079.16689614,SL (-2.0%)
2022-10-07 14:30:00,2022-10-10 09:30:00,LONG,9.155,8.51,-0.07245330420535223,8853506.642352844,SL (-2.0%)
2022-10-10 09:45:00,2022-10-10 10:30:00,LONG,8.29,7.995,-0.03758504221954151,8520747.221409021,SL (-2.0%)
2022-10-10 10:45:00,2022-10-10 11:45:00,LONG,7.905,8.185,0.03342061986084759,8805515.875226105,TP (+3.5%)
2022-10-10 12:00:00,2022-10-10 12:15:00,LONG,8.1,7.93,-0.02298765432098765,8603097.720168438,SL (-2.0%)
2022-10-10 12:30:00,2022-10-10 13:45:00,LONG,7.965,8.38,0.050102950408035266,9034138.298597518,TP (+3.5%)
2022-10-10 14:00:00,2022-10-10 15:30:00,LONG,8.17,8.33,0.017583843329253383,9192993.171054866,TimeStop (90m)
2022-10-10 15:45:00,2022-10-11 09:30:00,LONG,8.215,7.75,-0.05860377358490564,8654249.080690783,SL (-2.0%)
2022-10-11 09:45:00,2022-10-11 10:45:00,LONG,7.55,7.39,-0.023192052980132473,8453539.27750814,SL (-2.0%)
2022-10-11 11:00:00,2022-10-11 11:30:00,LONG,7.44,7.71,0.0342903225806451,8743413.866282046,TP (+3.5%)
2022-10-11 11:45:00,2022-10-11 13:15:00,LONG,7.755,7.7,-0.009092198581560247,8663917.011129042,TimeStop (90m)
2022-10-11 13:30:00,2022-10-11 14:45:00,LONG,7.71,7.355,-0.048044098573281395,8247666.9282156285,SL (-2.0%)
2022-10-11 15:00:00,2022-10-11 15:45:00,LONG,7.23,7.52,0.03811065006915617,8561990.876403807,TP (+3.5%)
2022-10-12 09:30:00,2022-10-12 10:00:00,LONG,7.56,7.31,-0.035068783068783076,8261732.2757223025,SL (-2.0%)
2022-10-12 10:15:00,2022-10-12 11:45:00,LONG,7.31,7.515,0.026043775649794813,8476898.977589883,TimeStop (90m)
2022-10-12 12:00:00,2022-10-12 13:30:00,LONG,7.39,7.35,-0.007412719891745607,8414062.099918384,TimeStop (90m)
2022-10-12 13:45:00,2022-10-12 15:15:00,LONG,7.36,7.405,0.0041141304347825985,8448678.64888381,TimeStop (90m)
2022-10-12 15:30:00,2022-10-13 09:30:00,LONG,7.39,6.41,-0.1346116373477672,7311388.182532438,SL (-2.0%)
2022-10-13 09:45:00,2022-10-13 10:00:00,SHORT,6.68,7.06,-0.058886227544910165,6880848.114346666,SL (-2.0%)
2022-10-13 10:15:00,2022-10-13 10:30:00,SHORT,6.8,6.99,-0.02994117647058829,6674827.426687698,SL (-2.0%)
2022-10-13 11:00:00,2022-10-13 11:30:00,LONG,7.66,8.05,0.04891383812010451,7001318.854916333,TP (+3.5%)
2022-10-13 13:00:00,2022-10-13 14:00:00,LONG,7.765,7.88,0.012810045074050253,7091006.065025609,Trailing SL
2022-10-13 15:45:00,2022-10-14 09:45:00,SHORT,7.96,7.575,0.04636683417085424,7419793.567347174,TP (+3.5%)
2022-10-14 10:00:00,2022-10-14 11:30:00,SHORT,7.3,7.32,-0.004739726027397324,7384625.778658102,TimeStop (90m)
2022-10-14 15:30:00,2022-10-17 09:30:00,SHORT,7.04,7.555,-0.07515340909090905,6829645.976531337,SL (-2.0%)
2022-10-18 12:30:00,2022-10-18 13:15:00,LONG,7.5,7.35,-0.022000000000000047,6679393.765047647,SL (-2.0%)
2022-10-19 15:45:00,2022-10-20 09:30:00,SHORT,7.6,7.82,-0.030947368421052716,6472684.105371435,SL (-2.0%)
2022-10-20 14:15:00,2022-10-20 15:15:00,LONG,7.63,7.73,0.011106159895150791,6544570.769996491,Trailing SL
2022-10-20 15:30:00,2022-10-21 09:45:00,LONG,7.735,8.05,0.038723981900452537,6798002.610040066,TP (+3.5%)
2022-10-21 10:15:00,2022-10-21 11:30:00,LONG,7.9,8.22,0.038506329113924084,7059768.735859583,TP (+3.5%)
2022-10-21 12:00:00,2022-10-21 13:30:00,SHORT,8.25,8.275,-0.005030303030303073,7024255.95979435,TimeStop (90m)
2022-10-21 15:15:00,2022-10-24 10:00:00,LONG,8.605,8.31,-0.03628239395700174,6769399.137806274,SL (-2.0%)
2022-10-24 10:15:00,2022-10-24 11:30:00,LONG,8.23,8.59,0.0417424058323207,7051970.143857546,TP (+3.5%)
2022-10-24 15:45:00,2022-10-25 09:30:00,SHORT,8.69,9.11,-0.050331415420023014,6697034.505017452,SL (-2.0%)
2022-10-26 09:30:00,2022-10-26 10:00:00,LONG,8.76,9.2,0.048228310502283045,7020021.164569937,TP (+3.5%)
2022-10-26 10:15:00,2022-10-26 11:00:00,SHORT,9.28,9.62,-0.03863793103448275,6748782.070952674,SL (-2.0%)
2022-10-26 12:45:00,2022-10-26 13:15:00,LONG,9.185,8.94,-0.028673924877517798,6555268.000835438,SL (-2.0%)
2022-10-26 15:00:00,2022-10-27 09:45:00,LONG,8.93,8.76,-0.021036954087346016,6417365.128871614,Trailing SL
2022-10-27 10:00:00,2022-10-27 10:45:00,LONG,9.1,8.9,-0.0239780219780219,6263489.4067705395,SL (-2.0%)
2022-10-27 14:30:00,2022-10-28 09:30:00,LONG,8.66,8.92,0.028023094688221686,6439011.7634951435,TimeStop (90m)
2022-10-28 09:45:00,2022-10-28 11:00:00,LONG,8.89,9.28,0.041869516310461055,6708610.071550054,TP (+3.5%)
2022-10-28 15:15:00,2022-10-31 09:30:00,LONG,9.48,8.99,-0.05368776371308019,6348439.799185485,SL (-2.0%)
2022-10-31 09:45:00,2022-10-31 11:15:00,LONG,8.91,8.98,0.005856341189674555,6385618.4286716245,TimeStop (90m)
2022-10-31 11:45:00,2022-10-31 13:15:00,LONG,8.97,9.12,0.014722408026755692,6479630.108681698,TimeStop (90m)
2022-10-31 13:30:00,2022-10-31 15:00:00,LONG,9.09,8.95,-0.017401540154015464,6366874.565162306,TimeStop (90m)
2022-10-31 15:15:00,2022-11-01 09:30:00,LONG,8.93,9.36,0.04615229563269874,6660720.442349987,TP (+3.5%)
2022-11-01 10:00:00,2022-11-01 11:30:00,LONG,9.06,9.1,0.0024150110375274992,6676806.1557361465,TimeStop (90m)
2022-11-01 14:15:00,2022-11-01 15:45:00,LONG,9.17,9.12,-0.007452562704471179,6627046.839194924,TimeStop (90m)
2022-11-02 09:30:00,2022-11-02 10:15:00,LONG,9.43,9.17,-0.0295715800636267,6431074.593004267,SL (-2.0%)
2022-11-02 14:45:00,2022-11-02 15:15:00,LONG,8.98,8.44,-0.06213363028953239,6031488.581878135,SL (-2.0%)
2022-11-02 15:45:00,2022-11-03 09:30:00,SHORT,8.23,7.67,0.06604374240583237,6429830.660103414,TP (+3.5%)
2022-11-03 09:45:00,2022-11-03 10:00:00,SHORT,7.57,7.83,-0.03634610303830909,6196131.372412416,SL (-2.0%)
2022-11-03 10:45:00,2022-11-03 11:00:00,LONG,8.22,7.98,-0.031197080291970825,6002830.164487667,SL (-2.0%)
2022-11-03 12:45:00,2022-11-03 13:15:00,LONG,8.21,8.04,-0.02270645554202213,5866527.168231419,SL (-2.0%)
2022-11-03 15:30:00,2022-11-04 09:30:00,SHORT,8.03,8.47,-0.05679452054794537,5533340.57043022,SL (-2.0%)
2022-11-04 09:45:00,2022-11-04 10:15:00,SHORT,8.77,8.96,-0.02366476624857483,5402395.359257233,SL (-2.0%)
2022-11-04 13:45:00,2022-11-04 14:45:00,LONG,8.5,8.8,0.033294117647058905,5582263.3459242685,TP (+3.5%)
2022-11-04 15:00:00,2022-11-07 10:00:00,LONG,8.96,9.12,0.015857142857142674,5670782.0932667805,TimeStop (90m)
2022-11-07 14:30:00,2022-11-08 09:30:00,SHORT,9.55,10.0,-0.049120418848167466,5392230.901648829,SL (-2.0%)
2022-11-08 13:45:00,2022-11-08 14:15:00,LONG,9.915,9.67,-0.026710035300050353,5248204.223919766,SL (-2.0%)
2022-11-08 14:30:00,2022-11-08 15:30:00,LONG,9.87,10.25,0.036500506585613046,5439766.336757591,TP (+3.5%)
2022-11-09 09:30:00,2022-11-09 11:00:00,SHORT,9.63,9.66,-0.005115264797507721,5411940.491508507,TimeStop (90m)
2022-11-09 13:00:00,2022-11-09 13:30:00,LONG,9.56,9.32,-0.02710460251046027,5265251.995675904,SL (-2.0%)
2022-11-09 13:45:00,2022-11-09 15:15:00,LONG,9.28,9.29,-0.0009224137931034713,5260395.254610927,TimeStop (90m)
2022-11-09 15:30:00,2022-11-10 09:30:00,LONG,9.28,10.72,0.1531724137931036,6066142.693265471,TP (+3.5%)
2022-11-10 11:45:00,2022-11-10 13:15:00,SHORT,11.575,11.52,0.002751619870410343,6082834.412037004,TimeStop (90m)
2022-11-10 13:45:00,2022-11-10 15:15:00,SHORT,11.68,12.035,-0.032393835616438396,5885788.074011463,SL (-2.0%)
2022-11-10 15:30:00,2022-11-11 09:45:00,SHORT,12.025,12.36,-0.02985862785862778,5710046.518254804,SL (-2.0%)
2022-11-11 10:00:00,2022-11-11 11:30:00,SHORT,12.66,12.6,0.0027393364928910346,5725688.257058364,TimeStop (90m)
2022-11-11 13:30:00,2022-11-11 14:45:00,SHORT,13.135,13.4,-0.02217510468214698,5598720.520580756,SL (-2.0%)
2022-11-11 15:00:00,2022-11-14 10:00:00,SHORT,13.035,13.23,-0.016959723820483337,5503767.766803633,TimeStop (90m)
2022-11-14 10:15:00,2022-11-14 11:45:00,SHORT,13.24,13.26,-0.0035105740181268557,5484446.382679689,TimeStop (90m)
2022-11-14 12:00:00,2022-11-14 13:30:00,SHORT,13.275,13.41,-0.012169491525423713,5417703.458904028,TimeStop (90m)
2022-11-14 13:45:00,2022-11-14 15:15:00,SHORT,13.44,13.18,0.01734523809523808,5511674.815328114,TimeStop (90m)
2022-11-14 15:45:00,2022-11-15 09:30:00,LONG,12.75,14.13,0.10623529411764712,6097209.210415325,TP (+3.5%)
2022-11-15 13:15:00,2022-11-15 14:45:00,LONG,13.67,13.89,0.01409363569861014,6183141.055805129,TimeStop (90m)
2022-11-16 09:30:00,2022-11-16 10:30:00,LONG,12.76,12.37,-0.032564263322884056,5981791.622301355,SL (-2.0%)
2022-11-16 15:00:00,2022-11-17 10:00:00,LONG,12.01,12.0,-0.0028326394671107234,5964847.363267992,TimeStop (90m)
2022-11-17 10:15:00,2022-11-17 11:15:00,SHORT,12.35,12.12,0.016623481781376556,6064003.89473997,Trailing SL
2022-11-17 11:45:00,2022-11-17 13:15:00,SHORT,12.385,12.485,-0.010074283407347569,6002913.4009211,TimeStop (90m)
2022-11-17 15:45:00,2022-11-18 09:30:00,SHORT,12.39,12.67,-0.02459887005649712,5855248.514211437,SL (-2.0%)
2022-11-18 09:45:00,2022-11-18 11:15:00,SHORT,12.645,12.44,0.014211941478845398,5938462.963439506,Trailing SL
2022-11-21 10:00:00,2022-11-21 11:30:00,SHORT,11.96,11.85,0.007197324414715819,5981204.007912154,TimeStop (90m)
2022-11-21 15:30:00,2022-11-22 10:15:00,SHORT,11.86,12.2,-0.03066779089376053,5797773.694104582,SL (-2.0%)
2022-11-22 15:45:00,2022-11-23 09:30:00,SHORT,12.93,13.33,-0.0329358081979892,5606819.331740206,SL (-2.0%)
2022-11-23 13:30:00,2022-11-23 15:00:00,LONG,13.22,13.35,0.007833585476550605,5650740.830226969,TimeStop (90m)
2022-11-23 15:45:00,2022-11-25 09:45:00,SHORT,13.32,13.19,0.007759759759759819,5694589.221534196,Trailing SL
2022-11-25 12:45:00,2022-11-28 09:45:00,LONG,12.845,12.5,-0.028858699883223093,5530250.780231704,SL (-2.0%)
2022-11-28 10:15:00,2022-11-28 11:45:00,LONG,12.33,12.38,0.002055150040551558,5541616.275346957,TimeStop (90m)
2022-11-28 13:45:00,2022-11-28 15:00:00,LONG,12.01,11.69,-0.02864446294754374,5382879.653278275,SL (-2.0%)
2022-11-28 15:15:00,2022-11-29 10:15:00,LONG,11.655,12.095,0.03575203775203786,5575328.5698569575,TP (+3.5%)
2022-11-29 14:45:00,2022-11-30 09:45:00,LONG,11.735,11.68,-0.006686834256497633,5538047.2717848085,TimeStop (90m)
2022-11-30 10:00:00,2022-11-30 11:30:00,LONG,11.67,11.9,0.017708654670094297,5636118.638467503,TimeStop (90m)
2022-11-30 12:00:00,2022-11-30 13:30:00,LONG,11.78,12.33,0.04468930390492366,5887992.857146181,TP (+3.5%)
2022-11-30 14:30:00,2022-11-30 15:15:00,SHORT,13.07,13.515,-0.03604743687834738,5675745.806288044,SL (-2.0%)
2022-12-01 15:45:00,2022-12-02 09:30:00,SHORT,13.5,12.66,0.06022222222222221,6017551.831511168,TP (+3.5%)
2022-12-02 09:45:00,2022-12-02 10:30:00,SHORT,12.45,12.71,-0.022883534136546313,5879848.978756345,SL (-2.0%)
2022-12-02 15:00:00,2022-12-05 10:00:00,SHORT,13.05,12.75,0.02098850574712649,6003258.222839207,TimeStop (90m)
2022-12-06 14:15:00,2022-12-06 15:45:00,LONG,11.6,11.74,0.01006896551724143,6063704.822876072,TimeStop (90m)
2022-12-07 09:45:00,2022-12-07 11:15:00,LONG,11.41,11.55,0.010269938650306797,6125978.699400579,Trailing SL
2022-12-07 14:45:00,2022-12-08 09:45:00,LONG,11.67,12.02,0.027991431019708628,6297453.609593054,TimeStop (90m)
2022-12-08 14:00:00,2022-12-08 15:30:00,LONG,12.47,12.63,0.010830793905372905,6365660.0317672035,TimeStop (90m)
2022-12-12 14:45:00,2022-12-13 09:30:00,LONG,12.69,14.79,0.16348463356973994,7406347.629490204,TP (+3.5%)
2022-12-13 09:45:00,2022-12-13 10:15:00,LONG,14.66,14.05,-0.04360982264665753,7083358.122908643,SL (-2.0%)
2022-12-14 15:15:00,2022-12-15 09:30:00,LONG,12.855,11.965,-0.07123376118241934,6578783.88201182,SL (-2.0%)
2022-12-15 09:45:00,2022-12-15 11:15:00,SHORT,11.68,11.655,0.00014041095890414022,6579707.615365115,TimeStop (90m)
2022-12-15 14:30:00,2022-12-15 15:45:00,LONG,11.61,11.365,-0.023102497846683827,6427699.934349333,SL (-2.0%)
2022-12-16 09:30:00,2022-12-16 10:15:00,LONG,11.26,10.905,-0.03352753108348139,6212195.025005144,SL (-2.0%)
2022-12-16 13:00:00,2022-12-16 14:30:00,LONG,10.83,10.9,0.004463527239150534,6239923.326714169,TimeStop (90m)
2022-12-16 14:45:00,2022-12-19 09:45:00,LONG,11.035,10.71,-0.03145174444947887,6043666.8528580135,SL (-2.0%)
2022-12-19 10:00:00,2022-12-19 11:30:00,LONG,10.62,10.59,-0.004824858757062087,6014507.013918236,TimeStop (90m)
2022-12-19 13:45:00,2022-12-19 15:15:00,LONG,10.49,10.39,-0.011532888465204923,5945142.375353524,TimeStop (90m)
2022-12-19 15:30:00,2022-12-20 09:30:00,LONG,10.39,10.3,-0.01066217516843117,5881754.225946242,Trailing SL
2022-12-20 13:00:00,2022-12-20 14:30:00,LONG,10.49,10.55,0.0037197330791230217,5903632.7817037655,TimeStop (90m)
2022-12-20 14:45:00,2022-12-21 09:45:00,LONG,10.55,10.81,0.02264454976303315,6037317.88801173,TimeStop (90m)
2022-12-21 15:30:00,2022-12-22 09:30:00,LONG,11.125,10.07,-0.09683146067415728,5452715.578361336,SL (-2.0%)
2022-12-22 10:00:00,2022-12-22 11:30:00,SHORT,9.625,9.37,0.024493506493506574,5586271.702787174,TimeStop (90m)
2022-12-22 14:15:00,2022-12-22 15:15:00,LONG,9.46,9.845,0.038697674418604625,5802447.426355497,TP (+3.5%)
2022-12-22 15:30:00,2022-12-23 09:30:00,LONG,9.72,9.38,-0.036979423868312745,5587876.2635026965,SL (-2.0%)
2022-12-23 10:00:00,2022-12-23 10:45:00,LONG,9.45,9.53,0.006465608465608473,5624005.283576773,Trailing SL
2022-12-23 14:15:00,2022-12-23 15:45:00,LONG,9.64,9.775,0.012004149377593337,5691516.683101202,TimeStop (90m)
2022-12-27 09:30:00,2022-12-27 11:00:00,LONG,9.25,9.41,0.015297297297297311,5778581.505875129,TimeStop (90m)
2022-12-27 13:30:00,2022-12-27 15:00:00,LONG,9.35,9.34,-0.003069518716577517,5760844.041787577,TimeStop (90m)
2022-12-27 15:15:00,2022-12-28 10:15:00,LONG,9.375,9.14,-0.027066666666666607,5604917.1963898605,SL (-2.0%)
2022-12-28 11:00:00,2022-12-28 12:30:00,LONG,8.87,8.94,0.00589177001127399,5637940.079443224,TimeStop (90m)
2022-12-28 13:15:00,2022-12-28 14:45:00,LONG,8.96,8.85,-0.014276785714285848,5557448.417059029,TimeStop (90m)
2022-12-28 15:00:00,2022-12-29 09:30:00,LONG,8.77,9.495,0.08066818700114022,6005757.705215539,TP (+3.5%)
2022-12-29 09:45:00,2022-12-29 10:45:00,LONG,9.605,9.73,0.011014055179593961,6071905.451976053,Trailing SL
2022-12-29 15:45:00,2022-12-30 09:30:00,LONG,9.72,9.22,-0.05344032921810699,5747420.825641234,SL (-2.0%)
2022-12-30 10:00:00,2022-12-30 11:30:00,LONG,9.29,9.38,0.007687836383207927,5791606.056574207,TimeStop (90m)
2022-12-30 15:15:00,2022-12-30 15:45:00,SHORT,9.43,9.69,-0.0295715800636267,5620339.114375237,SL (-2.0%)
2023-01-03 09:45:00,2023-01-03 11:15:00,LONG,9.535,9.43,-0.013012060828526526,5547206.91994204,TimeStop (90m)
2023-01-03 14:45:00,2023-01-04 09:30:00,LONG,9.4,9.91,0.05225531914893614,5837077.987928798,TP (+3.5%)
2023-01-05 09:45:00,2023-01-05 10:30:00,SHORT,9.75,9.97,-0.02456410256410263,5693695.40555865,SL (-2.0%)
2023-01-06 09:30:00,2023-01-06 10:00:00,SHORT,9.62,9.9,-0.031106029106029227,5516587.150552479,SL (-2.0%)
2023-01-06 10:45:00,2023-01-06 11:45:00,SHORT,10.24,10.47,-0.024460937500000043,5381646.257049511,SL (-2.0%)
2023-01-06 12:30:00,2023-01-06 14:00:00,SHORT,10.44,10.74,-0.030735632183908117,5216237.957148932,SL (-2.0%)
2023-01-06 14:15:00,2023-01-06 15:45:00,LONG,10.79,10.875,0.0058776645041706075,5246897.253834974,Trailing SL
2023-01-10 14:15:00,2023-01-10 15:45:00,SHORT,11.95,11.975,-0.004092050209205051,5225426.686829741,TimeStop (90m)
2023-01-11 09:30:00,2023-01-11 11:00:00,SHORT,11.925,11.92,-0.0015807127882598926,5217166.788041755,TimeStop (90m)
2023-01-11 15:45:00,2023-01-12 09:30:00,LONG,12.42,11.93,-0.04145249597423512,5000902.202763541,SL (-2.0%)
2023-01-12 15:45:00,2023-01-13 09:30:00,SHORT,12.84,12.33,0.03771962616822428,5189534.36435563,TP (+3.5%)
2023-01-13 15:45:00,2023-01-17 10:00:00,SHORT,12.955,13.26,-0.02554303357776918,5056977.913833907,SL (-2.0%)
2023-01-18 09:30:00,2023-01-18 11:00:00,SHORT,13.58,13.265,0.021195876288659758,5164164.992090015,TimeStop (90m)
2023-01-19 09:30:00,2023-01-19 11:00:00,SHORT,12.27,11.9,0.028154849225753807,5309561.278819225,TimeStop (90m)
2023-01-20 14:30:00,2023-01-23 09:30:00,LONG,12.54,13.55,0.07854226475279119,5726586.246501412,TP (+3.5%)
2023-01-23 14:15:00,2023-01-23 15:45:00,SHORT,14.64,14.77,-0.01087978142076496,5664282.239852318,TimeStop (90m)
2023-01-24 09:30:00,2023-01-24 11:00:00,SHORT,14.39,14.445,-0.0058220986796386175,5631304.229702573,TimeStop (90m)
2023-01-24 15:45:00,2023-01-25 09:30:00,LONG,14.42,13.73,-0.04985020804438277,5350582.542290688,SL (-2.0%)
2023-01-25 15:45:00,2023-01-26 09:45:00,LONG,14.545,14.52,-0.003718803712616044,5330684.776067759,Trailing SL
2023-01-27 14:30:00,2023-01-30 09:30:00,LONG,15.24,14.33,-0.061711286089238857,5001721.362800292,SL (-2.0%)
2023-01-30 14:15:00,2023-01-30 15:45:00,LONG,14.0,13.8,-0.016285714285714237,4920264.757748973,TimeStop (90m)
2023-01-31 09:30:00,2023-01-31 11:00:00,LONG,13.93,14.25,0.020972002871500382,5023452.564377026,TimeStop (90m)
2023-01-31 13:45:00,2023-01-31 15:15:00,LONG,14.305,14.175,-0.011087731562390703,4967753.87082681,TimeStop (90m)
2023-01-31 15:30:00,2023-02-01 09:30:00,LONG,14.25,15.06,0.05484210526315793,5240195.951532154,TP (+3.5%)
2023-02-01 14:30:00,2023-02-01 15:00:00,SHORT,16.17,16.815,-0.04188868274582557,5020691.045792464,SL (-2.0%)
2023-02-01 15:45:00,2023-02-02 09:30:00,SHORT,16.82,17.55,-0.045400713436385284,4792748.090369815,SL (-2.0%)
2023-02-02 15:45:00,2023-02-03 09:30:00,SHORT,17.94,17.195,0.03952731326644375,4982192.545545013,TP (+3.5%)
2023-02-06 15:15:00,2023-02-07 09:30:00,SHORT,15.925,16.39,-0.031199372056514907,4826751.2666593585,SL (-2.0%)
2023-02-07 12:45:00,2023-02-07 13:00:00,LONG,17.51,17.05,-0.02827070245573962,4690295.617771768,SL (-2.0%)
2023-02-07 13:30:00,2023-02-07 14:00:00,SHORT,16.375,17.05,-0.04322137404580157,4487574.59649067,SL (-2.0%)
2023-02-09 09:30:00,2023-02-09 11:00:00,LONG,17.48,17.6,0.0048649885583524595,4509406.595557351,TimeStop (90m)
2023-02-09 15:45:00,2023-02-10 09:30:00,LONG,16.57,15.75,-0.05148702474351239,4277230.666593331,SL (-2.0%)
2023-02-10 09:45:00,2023-02-10 11:15:00,SHORT,15.74,15.68,0.0018119440914866895,4284980.769427591,TimeStop (90m)
2023-02-15 10:00:00,2023-02-15 11:30:00,SHORT,16.62,17.055,-0.02817328519855588,4164258.78414018,SL (-2.0%)
2023-02-16 15:15:00,2023-02-17 09:30:00,SHORT,16.355,15.69,0.03866034851727306,4325250.480051154,TP (+3.5%)
2023-02-21 14:15:00,2023-02-21 15:45:00,LONG,14.18,14.0,-0.014693935119887145,4261695.530120022,TimeStop (90m)
2023-02-22 09:30:00,2023-02-22 10:00:00,LONG,14.3,13.85,-0.03346853146853154,4119062.839160899,SL (-2.0%)
2023-02-22 10:15:00,2023-02-22 11:45:00,LONG,13.795,13.9,0.005611453425154072,4142176.768438134,TimeStop (90m)
2023-02-23 15:45:00,2023-02-24 09:30:00,LONG,15.105,14.235,-0.05959682224429003,3895316.1958650984,SL (-2.0%)
2023-02-27 15:45:00,2023-02-28 10:45:00,SHORT,14.53,14.58,-0.005441156228492823,3874121.171884018,TimeStop (90m)
2023-02-28 13:45:00,2023-02-28 15:15:00,LONG,15.165,14.83,-0.024090339597757936,3780792.277210468,SL (-2.0%)
2023-02-28 15:45:00,2023-03-01 09:30:00,SHORT,14.65,15.035,-0.028279863481228656,3673871.987760072,SL (-2.0%)
2023-03-01 14:30:00,2023-03-02 09:30:00,SHORT,14.7,13.8,0.059224489795918274,3891455.1818106784,TP (+3.5%)
2023-03-02 14:45:00,2023-03-02 15:45:00,LONG,14.79,15.01,0.012874915483434798,3941557.338384066,Trailing SL
2023-03-03 09:30:00,2023-03-03 11:00:00,LONG,14.92,14.895,-0.0036756032171582007,3927069.7375504877,TimeStop (90m)
2023-03-03 15:00:00,2023-03-06 10:00:00,LONG,15.67,15.88,0.011401403956605032,3971843.84599406,TimeStop (90m)
2023-03-06 13:45:00,2023-03-06 15:15:00,SHORT,15.43,15.05,0.02262734931950739,4061716.1441399036,TimeStop (90m)
2023-03-08 14:30:00,2023-03-09 09:30:00,SHORT,15.59,15.86,-0.01931879409878124,3983248.686263569,TimeStop (90m)
2023-03-10 09:30:00,2023-03-10 10:45:00,LONG,14.275,14.82,0.03617863397548161,4127357.182517217,TP (+3.5%)
2023-03-10 11:15:00,2023-03-10 11:45:00,LONG,15.03,14.68,-0.0252867598137059,4022989.6927775303,SL (-2.0%)
2023-03-13 09:30:00,2023-03-13 09:45:00,LONG,13.22,13.73,0.03657791225416034,4170142.256759338,TP (+3.5%)
2023-03-13 11:00:00,2023-03-13 12:30:00,LONG,14.09,14.13,0.0008388928317956653,4173640.559206102,TimeStop (90m)
2023-03-14 09:30:00,2023-03-14 11:00:00,LONG,14.995,15.32,0.019673891297099108,4255752.309881086,TimeStop (90m)
2023-03-15 14:15:00,2023-03-15 15:30:00,LONG,14.46,14.51,0.0014578146611340893,4261956.4079925865,Trailing SL
2023-03-17 10:30:00,2023-03-17 12:00:00,LONG,15.99,16.15,0.00800625390869283,4296078.713142756,TimeStop (90m)
2023-03-20 09:30:00,2023-03-20 11:00:00,SHORT,15.995,16.31,-0.021693654266958393,4202881.066836198,TimeStop (90m)
2023-03-20 15:15:00,2023-03-21 09:30:00,SHORT,16.555,17.19,-0.04035699184536404,4033265.429894855,SL (-2.0%)
2023-03-21 15:45:00,2023-03-22 09:45:00,SHORT,16.64,17.195,-0.035353365384615365,3890675.923458644,SL (-2.0%)
2023-03-22 14:30:00,2023-03-22 15:00:00,SHORT,17.64,16.93,0.03824943310657601,4039492.071932341,TP (+3.5%)
2023-03-22 15:45:00,2023-03-23 09:30:00,SHORT,16.24,17.43,-0.07527586206896561,3735415.8238968817,SL (-2.0%)
2023-03-23 10:45:00,2023-03-23 12:15:00,SHORT,17.92,17.99,-0.005906249999999818,3713353.5241869916,TimeStop (90m)
2023-03-23 13:45:00,2023-03-23 14:30:00,SHORT,17.53,16.72,0.04420650313747873,3877507.8984045316,TP (+3.5%)
2023-03-23 15:45:00,2023-03-24 09:30:00,SHORT,17.51,16.76,0.04083266704740148,4035836.8873937535,TP (+3.5%)
2023-03-27 09:30:00,2023-03-27 10:45:00,LONG,16.645,16.21,-0.028133974166416262,3922292.756663948,SL (-2.0%)
2023-03-28 09:30:00,2023-03-28 11:00:00,SHORT,15.355,15.23,0.006140670791273201,3946378.265229617,Trailing SL
2023-03-29 15:00:00,2023-03-30 09:30:00,SHORT,17.31,17.88,-0.03492894280762567,3808535.4445061544,SL (-2.0%)
2023-03-31 09:30:00,2023-03-31 11:00:00,SHORT,17.73,17.945,-0.014126339537507042,3754734.77967643,TimeStop (90m)
2023-03-31 13:30:00,2023-03-31 15:00:00,SHORT,17.97,18.11,-0.009790762381747389,3717973.0636421354,TimeStop (90m)
2023-03-31 15:30:00,2023-04-03 10:15:00,SHORT,18.1,17.86,0.011259668508287402,3759836.2078614873,Trailing SL
2023-04-03 10:45:00,2023-04-03 12:15:00,SHORT,17.52,17.33,0.008844748858447563,3793091.0148689197,TimeStop (90m)
2023-04-03 15:30:00,2023-04-04 09:45:00,SHORT,17.67,17.5,0.007620826259196474,3821997.5024785553,Trailing SL
2023-04-04 10:15:00,2023-04-04 11:45:00,SHORT,17.38,17.08,0.015261219792865403,3880325.846411663,TimeStop (90m)
2023-04-05 09:30:00,2023-04-05 11:00:00,SHORT,15.98,15.595,0.022092615769712123,3966052.394397719,TimeStop (90m)
2023-04-05 13:45:00,2023-04-05 15:15:00,LONG,15.605,15.7,0.004087792374238953,3982264.7931313706,TimeStop (90m)
2023-04-06 14:15:00,2023-04-06 15:45:00,LONG,15.84,15.65,-0.013994949494949463,3926533.1984759816,TimeStop (90m)
2023-04-10 10:30:00,2023-04-10 12:00:00,LONG,15.82,15.86,0.0005284450063210585,3928608.15533687,TimeStop (90m)
2023-04-11 09:30:00,2023-04-11 11:00:00,SHORT,16.55,16.42,0.005854984894259759,3951610.096741833,TimeStop (90m)
2023-04-11 15:45:00,2023-04-12 10:15:00,SHORT,16.205,16.11,0.0038623881518049285,3966872.7487600413,Trailing SL
2023-04-13 15:45:00,2023-04-14 10:00:00,LONG,15.68,15.9,0.012030612244898,4014596.6566252266,Trailing SL
2023-04-18 15:45:00,2023-04-19 09:45:00,SHORT,15.8,15.06,0.044835443037974695,4194592.87634379,TP (+3.5%)
2023-04-20 09:30:00,2023-04-20 10:15:00,LONG,15.195,15.365,0.009187890753537343,4233132.337447204,Trailing SL
2023-04-20 13:45:00,2023-04-20 15:00:00,SHORT,15.75,15.175,0.03450793650793646,4379208.9993775245,TP (+3.5%)
2023-04-24 15:45:00,2023-04-25 10:00:00,SHORT,14.66,14.075,0.03790450204638478,4545200.735855977,TP (+3.5%)
2023-04-25 15:45:00,2023-04-26 10:15:00,SHORT,13.18,13.46,-0.02324430955993939,4439550.682939677,SL (-2.0%)
2023-04-27 14:45:00,2023-04-28 09:45:00,LONG,13.545,13.66,0.00649021779254339,4468364.33377299,TimeStop (90m)
2023-04-28 15:00:00,2023-05-01 09:30:00,SHORT,14.135,14.69,-0.04126423770781746,4283980.685739048,SL (-2.0%)
2023-05-01 15:45:00,2023-05-02 10:45:00,SHORT,14.66,14.05,0.03960982264665753,4453668.400922878,TP (+3.5%)
2023-05-02 15:15:00,2023-05-03 09:45:00,SHORT,14.405,14.175,0.013966678236723267,4515871.35445163,Trailing SL
2023-05-03 10:00:00,2023-05-03 11:30:00,SHORT,14.035,13.92,0.006193801211257585,4543841.763916717,TimeStop (90m)
2023-05-05 09:30:00,2023-05-05 10:15:00,LONG,13.61,13.865,0.016736223365172727,4619888.514613627,Trailing SL
2023-05-05 14:30:00,2023-05-08 09:30:00,LONG,14.535,14.285,-0.01919986240110079,4531187.29082462,TimeStop (90m)
2023-05-08 14:00:00,2023-05-08 15:30:00,SHORT,14.48,14.63,-0.012359116022099471,4475185.821379456,TimeStop (90m)
2023-05-08 15:45:00,2023-05-09 09:30:00,SHORT,14.665,13.92,0.04880122741220588,4693580.382360473,TP (+3.5%)
2023-05-09 14:45:00,2023-05-10 09:30:00,SHORT,13.94,14.3,-0.027824964131994347,4562981.676570661,SL (-2.0%)
2023-05-10 10:30:00,2023-05-10 12:00:00,SHORT,14.375,14.44,-0.006521739130434748,4533223.100419113,TimeStop (90m)
2023-05-10 15:45:00,2023-05-11 10:30:00,SHORT,14.31,13.65,0.044121593291404616,4733236.126355005,TP (+3.5%)
2023-05-11 14:30:00,2023-05-12 09:30:00,LONG,14.02,14.195,0.010482168330955829,4782850.704181619,TimeStop (90m)
2023-05-12 10:00:00,2023-05-12 11:30:00,SHORT,13.99,13.93,0.0022887776983560038,4793797.586207916,TimeStop (90m)
2023-05-12 13:30:00,2023-05-12 15:00:00,LONG,13.79,13.76,-0.004175489485134109,4773781.134792844,TimeStop (90m)
2023-05-12 15:45:00,2023-05-15 10:45:00,LONG,14.0,14.16,0.009428571428571439,4818791.071206604,TimeStop (90m)
2023-05-16 15:30:00,2023-05-17 10:15:00,SHORT,15.245,15.575,-0.02364644145621516,4704843.810251584,SL (-2.0%)
2023-05-17 13:15:00,2023-05-17 14:45:00,SHORT,16.24,16.105,0.006312807881773278,4734544.585339453,TimeStop (90m)
2023-05-17 15:30:00,2023-05-18 09:30:00,SHORT,16.235,16.725,-0.03218170619032966,4582178.862549042,SL (-2.0%)
2023-05-18 14:45:00,2023-05-19 09:45:00,SHORT,17.475,17.34,0.005725321888412106,4608413.311487414,TimeStop (90m)
2023-05-19 10:00:00,2023-05-19 11:30:00,SHORT,17.265,17.14,0.005240081088908196,4632561.770930812,TimeStop (90m)
2023-05-19 12:15:00,2023-05-19 13:45:00,SHORT,17.395,17.33,0.0017367059499857015,4640607.168522064,TimeStop (90m)
2023-05-22 09:30:00,2023-05-22 11:00:00,SHORT,17.24,17.33,-0.007220417633410665,4607100.0466927355,TimeStop (90m)
2023-05-23 09:30:00,2023-05-23 11:00:00,SHORT,17.27,17.325,-0.005184713375796162,4583213.553457016,TimeStop (90m)
2023-05-23 12:30:00,2023-05-23 14:00:00,SHORT,17.05,17.12,-0.006105571847507348,4555230.413813915,TimeStop (90m)
2023-05-23 14:15:00,2023-05-23 15:45:00,SHORT,16.93,16.9,-0.00022799763733011595,4554191.832042071,TimeStop (90m)
2023-05-25 15:45:00,2023-05-26 09:30:00,SHORT,19.18,20.495,-0.07056100104275294,4232843.497432454,SL (-2.0%)
2023-05-30 09:45:00,2023-05-30 10:15:00,LONG,23.69,23.15,-0.024794428028704206,4127892.5639785957,SL (-2.0%)
2023-05-30 14:45:00,2023-05-31 09:30:00,SHORT,23.06,22.245,0.03334258456201204,4265527.170855953,TP (+3.5%)
2023-05-31 09:45:00,2023-05-31 10:15:00,SHORT,22.03,21.79,0.008894235133908397,4303465.772483621,Trailing SL
2023-05-31 15:45:00,2023-06-01 09:30:00,SHORT,21.13,21.56,-0.022350212967344997,4207282.395970932,SL (-2.0%)
2023-06-01 10:15:00,2023-06-01 11:00:00,SHORT,21.05,21.675,-0.031691211401425175,4073948.520134723,SL (-2.0%)
2023-06-01 12:15:00,2023-06-01 13:45:00,SHORT,22.25,22.38,-0.007842696629213438,4041997.777808273,TimeStop (90m)
2023-06-01 14:00:00,2023-06-01 15:30:00,SHORT,22.4,22.15,0.009160714285714286,4079025.3645942663,TimeStop (90m)
2023-06-02 09:30:00,2023-06-02 09:45:00,SHORT,22.605,21.65,0.040247290422472985,4243195.083083725,TP (+3.5%)
2023-06-05 14:30:00,2023-06-06 09:30:00,SHORT,20.79,21.01,-0.0125820105820107,4189807.1576468293,TimeStop (90m)
2023-06-06 15:45:00,2023-06-07 09:30:00,SHORT,21.72,22.39,-0.03284714548802955,4052183.9523728164,SL (-2.0%)
2023-06-07 15:30:00,2023-06-08 10:30:00,SHORT,21.64,21.71,-0.005234750462107222,4030971.7805555896,TimeStop (90m)
2023-06-09 09:30:00,2023-06-09 11:00:00,SHORT,23.155,23.0,0.00469401857050318,4049893.2369506913,TimeStop (90m)
2023-06-09 11:15:00,2023-06-09 12:45:00,SHORT,22.47,22.35,0.003340453938584666,4063421.7187649105,TimeStop (90m)
2023-06-12 09:30:00,2023-06-12 11:00:00,SHORT,23.51,23.675,-0.009018290089323654,4026776.6029498302,TimeStop (90m)
2023-06-13 15:45:00,2023-06-14 10:45:00,SHORT,25.59,25.84,-0.011769441187964049,3979383.6925443425,TimeStop (90m)
2023-06-14 11:15:00,2023-06-14 12:45:00,SHORT,26.19,26.08,0.0022000763650249326,3988138.640553675,TimeStop (90m)
2023-06-14 14:30:00,2023-06-14 15:45:00,SHORT,25.95,26.68,-0.030131021194605027,3867971.9506481295,SL (-2.0%)
2023-06-21 09:30:00,2023-06-21 10:45:00,SHORT,24.06,23.03,0.0408096425602659,4025822.503387214,TP (+3.5%)
2023-06-22 09:30:00,2023-06-22 11:00:00,SHORT,22.74,22.96,-0.011674582233949096,3978822.707512137,TimeStop (90m)
2023-06-23 09:30:00,2023-06-23 11:00:00,SHORT,21.91,21.71,0.0071282519397535046,4007184.758194896,TimeStop (90m)
2023-06-26 10:30:00,2023-06-26 12:00:00,SHORT,22.79,22.31,0.019061869240895146,4083569.1900797146,TimeStop (90m)
2023-06-26 12:30:00,2023-06-26 14:00:00,SHORT,22.11,22.3,-0.010593396653098204,4040310.321888829,TimeStop (90m)
2023-06-26 15:45:00,2023-06-27 10:45:00,SHORT,22.06,22.56,-0.02466545784224841,3940654.217974679,SL (-2.0%)
2023-06-27 15:15:00,2023-06-28 09:30:00,LONG,24.49,23.37,-0.04773295222539802,3752555.1584512806,SL (-2.0%)
2023-06-28 12:15:00,2023-06-28 13:45:00,SHORT,23.87,23.78,0.0017704231252618288,3759198.768882623,TimeStop (90m)
2023-06-30 09:30:00,2023-06-30 11:00:00,SHORT,24.73,24.82,-0.00563930448847553,3737999.5023921914,TimeStop (90m)
2023-07-06 09:30:00,2023-07-06 11:00:00,SHORT,22.64,22.06,0.02361837455830397,3826284.9747384447,TimeStop (90m)
2023-07-10 09:45:00,2023-07-10 10:30:00,SHORT,23.35,23.835,-0.022770877944325453,3739157.1065984694,SL (-2.0%)
2023-07-14 15:00:00,2023-07-17 10:00:00,SHORT,26.12,26.695,-0.024013782542113296,3649365.800949816,SL (-2.0%)
2023-07-18 09:30:00,2023-07-18 11:00:00,SHORT,27.29,27.41,-0.006397215097105204,3626020.0229531205,TimeStop (90m)
2023-07-21 09:30:00,2023-07-21 11:00:00,LONG,25.01,25.01,-0.002,3618767.982907214,TimeStop (90m)
2023-07-27 09:30:00,2023-07-27 10:15:00,LONG,27.525,26.8,-0.028339691189827355,3516213.215783989,SL (-2.0%)
2023-07-31 09:45:00,2023-07-31 11:15:00,SHORT,28.18,28.42,-0.01051667849538687,3479234.3318723585,TimeStop (90m)
2023-08-01 09:30:00,2023-08-01 11:00:00,SHORT,27.8,28.09,-0.012431654676258962,3435981.692120737,TimeStop (90m)
2023-08-02 09:30:00,2023-08-02 10:15:00,SHORT,26.88,26.34,0.018089285714285683,3498136.1466585635,Trailing SL
2023-08-09 09:30:00,2023-08-09 11:00:00,SHORT,23.84,23.07,0.030298657718120785,3604124.9764175573,TimeStop (90m)
2023-08-11 15:30:00,2023-08-14 10:30:00,LONG,21.195,22.0,0.0359806558150507,3733803.756708465,TP (+3.5%)
2023-08-18 09:30:00,2023-08-18 11:00:00,SHORT,19.54,19.795,-0.015050153531218146,3677609.436914563,TimeStop (90m)
2023-08-18 11:45:00,2023-08-18 13:15:00,LONG,19.89,19.87,-0.0030055304172951014,3666556.269888985,TimeStop (90m)
2023-08-21 15:00:00,2023-08-22 10:00:00,LONG,21.935,22.25,0.012360610895828643,3711877.145268744,TimeStop (90m)
2023-08-22 15:30:00,2023-08-23 09:45:00,SHORT,21.185,21.8,-0.031029974038234695,3596697.6938179377,SL (-2.0%)
2023-08-24 15:00:00,2023-08-25 10:00:00,SHORT,20.715,20.88,-0.009965242577842101,3560855.7288198764,TimeStop (90m)
2023-08-25 10:45:00,2023-08-25 11:15:00,SHORT,19.42,20.04,-0.03392584963954673,3440050.672775815,SL (-2.0%)
2023-09-01 15:45:00,2023-09-05 10:15:00,SHORT,24.02,23.72,0.010489592006661146,3476135.4008154734,Trailing SL
2023-09-06 10:00:00,2023-09-06 11:15:00,SHORT,23.56,23.34,0.007337860780984673,3501642.7984425095,Trailing SL
2023-09-07 09:30:00,2023-09-07 10:15:00,SHORT,21.74,21.57,0.005819687212511415,3522021.2642593877,Trailing SL
2023-09-07 15:00:00,2023-09-08 10:00:00,SHORT,21.84,21.985,-0.00863919413919412,3491593.838795081,TimeStop (90m)
2023-09-19 09:30:00,2023-09-19 11:00:00,SHORT,19.44,19.38,0.0010864197530865366,3495387.1753113028,TimeStop (90m)
2023-09-20 15:30:00,2023-09-21 09:30:00,SHORT,18.615,17.86,0.038558689229116254,3630164.72313957,TP (+3.5%)
2023-09-22 13:30:00,2023-09-22 15:00:00,SHORT,18.055,18.13,-0.006153973968429758,3607824.783932257,TimeStop (90m)
2023-09-26 10:00:00,2023-09-26 11:30:00,SHORT,17.605,17.64,-0.003988071570576549,3593436.520479835,TimeStop (90m)
2023-10-04 15:45:00,2023-10-05 10:30:00,SHORT,18.665,17.92,0.037914278060540985,3729679.0719102104,TP (+3.5%)
2023-10-06 11:30:00,2023-10-06 13:00:00,SHORT,19.26,19.42,-0.010307372793354109,3691235.879316461,TimeStop (90m)
2023-10-06 15:45:00,2023-10-09 09:45:00,SHORT,19.49,18.745,0.03622473063109274,3824949.9047405245,TP (+3.5%)
2023-10-17 09:30:00,2023-10-17 10:15:00,SHORT,18.44,18.83,-0.02314967462039029,3736403.5590064884,SL (-2.0%)
2023-10-18 09:30:00,2023-10-18 11:00:00,SHORT,18.14,18.49,-0.021294377067254566,3656839.1727455724,TimeStop (90m)
2023-10-20 09:30:00,2023-10-20 10:15:00,LONG,17.58,17.225,-0.02219340159271882,3575681.4724248443,SL (-2.0%)
2023-10-25 13:15:00,2023-10-25 14:45:00,LONG,15.06,14.88,-0.013952191235059742,3525792.8807259127,TimeStop (90m)
2023-10-25 15:00:00,2023-10-26 09:30:00,LONG,14.785,15.59,0.05244707473791002,3710710.4034517356,TP (+3.5%)
2023-10-26 09:45:00,2023-10-26 11:00:00,LONG,15.42,15.08,-0.024049286640726322,3621470.4653183995,SL (-2.0%)
2023-10-26 15:45:00,2023-10-27 09:30:00,LONG,14.7,15.315,0.039836734693877565,3765738.023447002,TP (+3.5%)
2023-10-31 09:45:00,2023-10-31 10:15:00,SHORT,14.13,14.45,-0.024646850672328274,3672924.4407119947,SL (-2.0%)
2023-10-31 14:45:00,2023-11-01 09:45:00,SHORT,14.93,15.07,-0.011377093101138686,3631137.2373965667,TimeStop (90m)
2023-11-06 15:00:00,2023-11-07 09:45:00,SHORT,18.08,18.46,-0.023017699115044393,3547556.8130207392,SL (-2.0%)
2023-11-07 15:00:00,2023-11-08 10:00:00,SHORT,18.58,18.57,-0.0014617868675996766,3542371.041059402,TimeStop (90m)
2023-11-10 15:30:00,2023-11-13 09:30:00,LONG,20.69,19.835,-0.043324311261478995,3388900.255472895,SL (-2.0%)
2023-11-13 15:45:00,2023-11-14 09:30:00,SHORT,20.0,21.63,-0.08349999999999995,3105927.084140909,SL (-2.0%)
2023-11-14 14:30:00,2023-11-15 09:30:00,SHORT,22.03,22.68,-0.031505220154334934,3008074.1675717384,SL (-2.0%)
2023-11-15 09:45:00,2023-11-15 10:15:00,SHORT,22.24,22.8,-0.027179856115108016,2926315.144513565,SL (-2.0%)
2023-11-15 14:30:00,2023-11-16 09:30:00,SHORT,22.705,22.68,-0.0008989209425237358,2923684.6185457376,TimeStop (90m)
2023-11-16 09:45:00,2023-11-16 11:15:00,SHORT,22.56,22.29,0.009968085106382961,2952828.1556476243,TimeStop (90m)
2023-11-16 15:30:00,2023-11-17 10:30:00,SHORT,22.83,22.67,0.005008322382829462,2967616.8709922032,TimeStop (90m)
2023-11-17 15:45:00,2023-11-20 10:45:00,SHORT,23.13,23.62,-0.02318460873324695,2898813.834968067,SL (-2.0%)
2023-11-20 15:30:00,2023-11-21 09:30:00,SHORT,24.335,23.42,0.03560016437230323,3002012.0839776364,TP (+3.5%)
2023-11-21 15:45:00,2023-11-22 09:30:00,SHORT,22.82,23.75,-0.042753724802804545,2873664.8854845627,SL (-2.0%)
2023-11-22 09:45:00,2023-11-22 11:15:00,SHORT,23.33,23.18,0.004429489927132387,2886393.7551487708,TimeStop (90m)
2023-11-22 14:30:00,2023-11-24 09:30:00,SHORT,23.05,23.03,-0.001132321041214769,2883125.430766585,TimeStop (90m)
2023-12-01 15:45:00,2023-12-04 09:30:00,SHORT,23.08,22.02,0.04392720970537256,3009773.0861707614,TP (+3.5%)
2023-12-04 09:45:00,2023-12-04 11:15:00,SHORT,22.08,21.67,0.01656884057970999,3059641.536616626,Trailing SL
2023-12-04 15:30:00,2023-12-05 10:00:00,SHORT,22.17,21.9,0.010178619756427745,3090784.464408819,Trailing SL
2023-12-07 15:45:00,2023-12-08 10:00:00,SHORT,23.19,23.7,-0.0239922380336351,3016629.627828061,SL (-2.0%)
2023-12-08 15:45:00,2023-12-11 09:30:00,SHORT,23.71,24.98,-0.055563897089835494,2849013.929629274,SL (-2.0%)
2023-12-11 09:45:00,2023-12-11 11:15:00,SHORT,25.26,25.54,-0.013084718923198638,2811735.3831517976,TimeStop (90m)
2023-12-11 15:00:00,2023-12-12 10:00:00,SHORT,26.21,26.235,-0.0029538344143456153,2803429.9824130107,TimeStop (90m)
2023-12-12 13:45:00,2023-12-12 15:15:00,SHORT,26.57,26.69,-0.006516371847948852,2785161.7901979187,TimeStop (90m)
2023-12-12 15:30:00,2023-12-13 10:30:00,SHORT,26.66,27.045,-0.01644111027756945,2739370.638064402,TimeStop (90m)
2023-12-13 13:30:00,2023-12-13 14:00:00,SHORT,26.48,27.3,-0.032966767371601216,2649062.443494738,SL (-2.0%)
2023-12-13 14:30:00,2023-12-14 09:30:00,SHORT,28.0,29.9,-0.06985714285714281,2464006.5099420343,SL (-2.0%)
2023-12-15 15:45:00,2023-12-18 10:45:00,SHORT,30.57,29.78,0.02384232908079814,2522754.164009301,TimeStop (90m)
2023-12-20 14:30:00,2023-12-20 15:15:00,SHORT,29.39,28.3,0.03508744470908472,2611271.1612535906,TP (+3.5%)
2023-12-22 14:15:00,2023-12-22 15:45:00,SHORT,30.075,30.53,-0.017128844555278532,2566543.103440796,TimeStop (90m)
2023-12-29 10:30:00,2023-12-29 12:00:00,SHORT,31.51,31.225,0.007044747699143133,2584623.7520635123,TimeStop (90m)
2024-01-02 09:30:00,2024-01-02 11:00:00,SHORT,29.06,28.9,0.0035058499655884427,2593685.0551557434,TimeStop (90m)
2024-01-02 15:00:00,2024-01-03 09:30:00,LONG,27.31,27.01,-0.012984987184181515,2560006.087954743,Trailing SL
2024-01-03 10:45:00,2024-01-03 12:15:00,LONG,26.265,26.195,-0.004665143727393881,2548063.2916114307,TimeStop (90m)
2024-01-04 11:15:00,2024-01-04 12:45:00,SHORT,26.21,25.7,0.01745822205265172,2592547.946360594,TimeStop (90m)
2024-01-04 15:00:00,2024-01-05 10:00:00,SHORT,25.97,26.365,-0.01720985752791681,2547930.565569435,TimeStop (90m)
2024-01-05 15:45:00,2024-01-08 09:30:00,SHORT,25.94,27.11,-0.04710408635312252,2427912.624187092,SL (-2.0%)
2024-01-10 15:45:00,2024-01-11 10:15:00,SHORT,28.21,27.68,0.016787663948954312,2468671.6054193685,Trailing SL
2024-01-12 15:45:00,2024-01-16 10:15:00,SHORT,28.07,29.13,-0.039762736017100064,2370510.4680601675,SL (-2.0%)
2024-01-17 15:45:00,2024-01-18 09:30:00,SHORT,28.42,30.87,-0.0882068965517241,2161415.096429205,SL (-2.0%)
2024-01-19 14:30:00,2024-01-22 09:30:00,SHORT,34.52,35.145,-0.02010544611819235,2117958.8816689,TimeStop (90m)
2024-01-24 14:15:00,2024-01-24 15:45:00,SHORT,37.48,37.48,-0.002,2113722.963905562,TimeStop (90m)
2024-01-25 09:30:00,2024-01-25 10:00:00,SHORT,38.74,38.72,-0.0014837377387712152,2110586.7533747084,Trailing SL
2024-01-25 10:15:00,2024-01-25 11:45:00,SHORT,38.99,38.81,0.002616568350859187,2116109.2478753314,TimeStop (90m)
2024-01-25 12:00:00,2024-01-25 13:30:00,SHORT,38.35,37.76,0.013384615384615472,2144432.5562699707,TimeStop (90m)
2024-01-26 15:45:00,2024-01-29 10:45:00,SHORT,34.01,33.9,0.0012343428403410596,2147079.5212423964,TimeStop (90m)
2024-01-31 14:00:00,2024-01-31 14:30:00,SHORT,32.41,33.76,-0.04365381055229872,2053351.3185813604,SL (-2.0%)
2024-02-01 10:45:00,2024-02-01 12:00:00,SHORT,31.29,32.11,-0.028206455736657088,1995433.5555019889,SL (-2.0%)
2024-02-01 15:45:00,2024-02-02 09:45:00,SHORT,32.45,33.31,-0.02850231124807394,1938559.0872282204,SL (-2.0%)
2024-02-08 14:30:00,2024-02-09 09:30:00,SHORT,37.24,37.42,-0.006833512352309337,1925311.9197599648,TimeStop (90m)
2024-02-09 09:45:00,2024-02-09 11:15:00,SHORT,38.26,38.505,-0.008403554626241625,1909132.4558697077,TimeStop (90m)
2024-02-09 11:30:00,2024-02-09 13:00:00,SHORT,38.555,39.035,-0.014449747114511656,1881545.974674284,TimeStop (90m)
2024-02-09 13:15:00,2024-02-09 14:45:00,SHORT,39.2,39.29,-0.004295918367346845,1873463.0067626731,TimeStop (90m)
2024-02-09 15:00:00,2024-02-12 09:45:00,SHORT,39.14,40.14,-0.027549310168625447,1821850.3932999226,SL (-2.0%)
2024-02-12 10:00:00,2024-02-12 10:45:00,SHORT,40.02,40.93,-0.024738630684657585,1776780.3092573776,SL (-2.0%)
2024-02-12 11:00:00,2024-02-12 12:30:00,SHORT,40.865,40.93,-0.0035906032056771744,1770400.596183174,TimeStop (90m)
2024-02-12 13:00:00,2024-02-12 14:00:00,SHORT,41.145,39.5,0.03798055656823437,1837641.3961749447,TP (+3.5%)
2024-02-13 09:30:00,2024-02-13 10:15:00,SHORT,36.37,37.12,-0.022621391256530107,1796071.391162875,SL (-2.0%)
2024-02-14 13:45:00,2024-02-14 15:15:00,SHORT,38.67,39.02,-0.011050943884147955,1776223.1070072106,TimeStop (90m)
2024-02-14 15:30:00,2024-02-15 10:30:00,SHORT,39.11,39.17,-0.0035341344924572303,1769945.695658437,TimeStop (90m)
2024-02-20 15:30:00,2024-02-21 09:30:00,LONG,36.12,35.02,-0.0324540420819489,1712503.8035687737,SL (-2.0%)
2024-02-22 14:15:00,2024-02-22 15:45:00,SHORT,41.965,41.465,0.009914690813773382,1729482.7492985688,TimeStop (90m)
2024-02-23 09:45:00,2024-02-23 11:15:00,SHORT,40.89,40.26,0.013407190022010334,1752670.2531582036,Trailing SL
2024-02-23 11:30:00,2024-02-23 13:00:00,SHORT,40.42,40.84,-0.012390895596239527,1730953.0990366857,TimeStop (90m)
2024-02-23 15:15:00,2024-02-26 09:30:00,SHORT,39.89,40.8,-0.024812735021308513,1688003.4184559756,SL (-2.0%)
2024-02-27 15:45:00,2024-02-28 09:30:00,SHORT,41.11,39.67,0.033027973729019645,1743754.7510152347,TP (+3.5%)
2024-02-28 11:30:00,2024-02-28 13:00:00,SHORT,40.3,39.71,0.012640198511166163,1765796.1572228565,TimeStop (90m)
2024-02-28 13:15:00,2024-02-28 14:45:00,SHORT,40.025,39.845,0.0024971892567145467,1770205.6844162212,TimeStop (90m)
2024-02-28 15:15:00,2024-02-29 09:30:00,SHORT,40.01,41.46,-0.03824093976505881,1702511.3554666957,SL (-2.0%)
2024-02-29 10:00:00,2024-02-29 11:30:00,SHORT,41.06,41.225,-0.006018509498295157,1692264.774702864,TimeStop (90m)
2024-02-29 15:00:00,2024-03-01 09:30:00,SHORT,42.49,44.885,-0.05836620381266171,1593493.7039575686,SL (-2.0%)
2024-03-01 14:15:00,2024-03-01 15:45:00,SHORT,48.87,48.34,0.008845099242889176,1607588.3139119924,TimeStop (90m)
2024-03-04 09:30:00,2024-03-04 11:00:00,SHORT,50.19,50.6,-0.010168957959753012,1591240.815931231,TimeStop (90m)
2024-03-04 11:15:00,2024-03-04 12:45:00,SHORT,50.2,50.65,-0.010964143426294735,1573794.2233995867,TimeStop (90m)
2024-03-04 13:00:00,2024-03-04 14:30:00,SHORT,50.68,51.21,-0.012457774269928988,1554188.2502171565,TimeStop (90m)
2024-03-04 15:00:00,2024-03-05 09:30:00,SHORT,51.39,48.43,0.05559875462152171,1640599.1813766323,TP (+3.5%)
2024-03-05 11:30:00,2024-03-05 13:00:00,SHORT,46.94,46.68,0.003538985939497188,1646405.2388118748,TimeStop (90m)
2024-03-05 14:00:00,2024-03-05 15:30:00,SHORT,46.04,46.11,-0.0035204170286707273,1640609.2057730688,TimeStop (90m)
2024-03-05 15:45:00,2024-03-06 09:30:00,SHORT,46.85,50.14,-0.0722241195304162,1522117.6503926136,SL (-2.0%)
2024-03-06 11:30:00,2024-03-06 13:00:00,SHORT,50.67,51.38,-0.01601223603710284,1497745.1432982867,TimeStop (90m)
2024-03-06 13:15:00,2024-03-06 14:15:00,SHORT,51.66,50.88,0.013098722415795471,1517363.6911799568,Trailing SL
2024-03-06 14:30:00,2024-03-07 09:30:00,SHORT,50.5,53.07,-0.052891089108910896,1437108.6729791316,SL (-2.0%)
2024-03-07 15:45:00,2024-03-08 10:15:00,SHORT,55.355,56.77,-0.027562279830187088,1397498.681588092,SL (-2.0%)
2024-03-08 11:15:00,2024-03-08 12:45:00,SHORT,51.745,49.74,0.036747705092279356,1448853.5510059402,TP (+3.5%)
2024-03-08 14:15:00,2024-03-08 15:30:00,LONG,50.26,49.245,-0.022194986072423407,1416696.2666203822,SL (-2.0%)
2024-03-08 15:45:00,2024-03-11 09:30:00,LONG,48.835,46.88,-0.04203276338691509,1357148.6076544018,SL (-2.0%)
2024-03-12 09:30:00,2024-03-12 10:30:00,LONG,46.45,48.25,0.03675134553283094,1407025.6450737093,TP (+3.5%)
2024-03-14 15:00:00,2024-03-15 09:30:00,LONG,42.61,41.9,-0.018662755221778946,1380766.669868933,Trailing SL
2024-03-15 15:15:00,2024-03-18 09:45:00,LONG,43.17,44.05,0.01838452629140596,1406151.4110134356,Trailing SL
2024-03-19 09:30:00,2024-03-19 11:00:00,SHORT,39.71,39.605,0.000644170234198035,1407057.2118971858,TimeStop (90m)
2024-03-19 15:45:00,2024-03-20 10:45:00,LONG,41.32,41.24,-0.0039361084220715945,1401518.8821551006,TimeStop (90m)
2024-03-21 15:45:00,2024-03-22 10:45:00,LONG,46.3,45.42,-0.021006479481641374,1372077.9045139765,TimeStop (90m)
2024-04-01 15:45:00,2024-04-02 09:30:00,SHORT,48.035,44.99,0.061391277193712804,1456311.5194813628,TP (+3.5%)
2024-04-04 14:15:00,2024-04-04 15:00:00,SHORT,45.15,43.15,0.042296788482834996,1517908.819785982,TP (+3.5%)
2024-04-05 15:30:00,2024-04-08 10:30:00,LONG,43.48,44.81,0.02858877644894217,1561303.975704721,TimeStop (90m)
2024-04-08 15:45:00,2024-04-09 09:45:00,LONG,44.0,44.895,0.018340909090909165,1589939.7099863964,Trailing SL
2024-04-15 15:15:00,2024-04-16 10:15:00,LONG,39.15,39.98,0.01920051085568323,1620467.364647872,TimeStop (90m)
2024-04-17 15:15:00,2024-04-18 09:30:00,LONG,36.66,35.38,-0.03691543917075816,1560647.1002200148,SL (-2.0%)
2024-04-18 12:45:00,2024-04-18 14:15:00,LONG,35.41,34.97,-0.01442586839875735,1538133.4105353386,TimeStop (90m)
2024-04-18 14:30:00,2024-04-19 09:30:00,LONG,34.91,34.36,-0.01775479805213398,1510824.1624540435,TimeStop (90m)
2024-04-19 09:45:00,2024-04-19 10:30:00,LONG,34.125,33.43,-0.022366300366300378,1477032.615435932,SL (-2.0%)
2024-04-19 11:15:00,2024-04-19 12:00:00,LONG,32.8,31.76,-0.0337073170731706,1427245.8087400186,SL (-2.0%)
2024-04-19 12:15:00,2024-04-19 13:45:00,LONG,31.78,32.07,0.0071252359974826665,1437415.2719537094,TimeStop (90m)
2024-04-19 14:00:00,2024-04-19 14:30:00,LONG,31.74,30.6,-0.03791682419659726,1382913.0497895365,SL (-2.0%)
2024-04-19 14:45:00,2024-04-22 09:45:00,LONG,30.58,31.52,0.028739045127534377,1422656.6503348942,TimeStop (90m)
2024-04-22 15:30:00,2024-04-23 09:30:00,SHORT,32.175,33.0,-0.027641025641025732,1383332.9613846114,SL (-2.0%)
2024-04-23 15:30:00,2024-04-24 09:30:00,LONG,34.32,36.87,0.07230069930069921,1483348.901858426,TP (+3.5%)
2024-04-25 10:15:00,2024-04-25 11:00:00,SHORT,36.975,36.31,0.015985125084516542,1507060.419598613,Trailing SL
2024-04-25 14:15:00,2024-04-25 15:15:00,SHORT,37.3,38.08,-0.02291152815013408,1472531.3623710265,SL (-2.0%)
2024-04-26 15:15:00,2024-04-29 09:30:00,LONG,40.035,38.88,-0.030849756463094645,1427104.1284576114,SL (-2.0%)
2024-04-29 14:30:00,2024-04-30 09:30:00,SHORT,40.61,41.09,-0.013819748830337453,1407381.9078475896,TimeStop (90m)
2024-04-30 15:45:00,2024-05-01 09:30:00,LONG,38.21,36.31,-0.05172520282648518,1334584.7932098473,SL (-2.0%)
2024-05-01 14:30:00,2024-05-01 15:30:00,SHORT,36.7,35.31,0.03587465940054497,1382462.5681073973,TP (+3.5%)
2024-05-02 11:15:00,2024-05-02 12:45:00,SHORT,35.62,35.55,-3.4811903425034044e-05,1382414.4419539876,TimeStop (90m)
2024-05-15 15:45:00,2024-05-16 10:45:00,LONG,46.995,47.43,0.007256303862113039,1392445.661208179,TimeStop (90m)
2024-05-21 15:15:00,2024-05-22 09:30:00,SHORT,47.79,49.27,-0.03296882192927399,1346538.3681576166,SL (-2.0%)
2024-05-22 14:30:00,2024-05-22 15:45:00,SHORT,48.21,49.535,-0.029483924496992234,1306837.1325785543,SL (-2.0%)
2024-05-23 10:45:00,2024-05-23 11:00:00,SHORT,49.18,50.265,-0.024061813745424987,1275392.2608988439,SL (-2.0%)
2024-05-23 13:00:00,2024-05-23 14:00:00,SHORT,50.29,48.44,0.03478663750248561,1319758.8691522076,TP (+3.5%)
2024-05-28 10:00:00,2024-05-28 10:45:00,SHORT,52.82,54.14,-0.026990533888678538,1284137.872669471,SL (-2.0%)
2024-05-29 15:45:00,2024-05-30 10:45:00,LONG,50.785,50.12,-0.015094417643004808,1264754.5593081983,TimeStop (90m)
2024-05-30 15:15:00,2024-05-31 10:00:00,SHORT,50.16,48.37,0.03368580542264751,1307358.8353004605,TP (+3.5%)
2024-05-31 10:15:00,2024-05-31 10:45:00,SHORT,47.145,46.4,0.013802312016120576,1325403.4098623095,Trailing SL
2024-05-31 13:45:00,2024-05-31 15:15:00,LONG,45.455,46.98,0.03154966450335493,1367219.4427750679,TimeStop (90m)
2024-06-04 15:45:00,2024-06-05 09:30:00,SHORT,47.59,50.12,-0.05516242908173973,1291800.2972238124,SL (-2.0%)
2024-06-05 15:45:00,2024-06-06 09:45:00,SHORT,53.78,51.3,0.044113796950539304,1348786.5132361902,TP (+3.5%)
2024-06-06 10:30:00,2024-06-06 12:00:00,SHORT,52.95,52.53,0.005932011331444791,1356787.5301164072,TimeStop (90m)
2024-06-06 12:30:00,2024-06-06 14:00:00,SHORT,51.62,52.02,-0.009748934521503404,1343560.29732571,TimeStop (90m)
2024-06-06 14:15:00,2024-06-06 15:45:00,SHORT,52.2,52.41,-0.006022988505747007,1335468.0490981394,TimeStop (90m)
2024-06-07 09:30:00,2024-06-07 11:00:00,SHORT,52.02,51.755,0.0030941945405613333,1339600.247044753,TimeStop (90m)
2024-06-07 12:00:00,2024-06-07 13:30:00,SHORT,52.0,52.59,-0.013346153846153912,1321721.736055348,TimeStop (90m)
2024-06-07 13:45:00,2024-06-07 14:15:00,SHORT,52.29,51.4,0.015020462803595343,1341574.6082284707,Trailing SL
2024-06-07 14:30:00,2024-06-10 09:30:00,SHORT,51.6,51.79,-0.005682170542635615,1333951.5525088469,TimeStop (90m)
2024-06-10 09:45:00,2024-06-10 10:15:00,SHORT,51.49,52.705,-0.025596814915517505,1299806.6415130107,SL (-2.0%)
2024-06-10 10:30:00,2024-06-10 11:15:00,SHORT,52.93,54.125,-0.0245769884753448,1267861.3086643687,SL (-2.0%)
2024-06-10 12:15:00,2024-06-10 13:45:00,SHORT,54.21,54.15,-0.0008931931377974124,1266728.8636437908,TimeStop (90m)
2024-06-10 14:00:00,2024-06-10 15:30:00,SHORT,53.87,54.405,-0.01193131613142758,1251615.1211188526,TimeStop (90m)
2024-06-10 15:45:00,2024-06-11 09:45:00,SHORT,54.145,51.89,0.03964742820205009,1301238.4417700125,TP (+3.5%)
2024-06-11 10:00:00,2024-06-11 11:30:00,SHORT,52.585,52.425,0.0010426927831131251,1302595.2337023553,TimeStop (90m)
2024-06-11 12:30:00,2024-06-11 14:00:00,SHORT,53.27,53.71,-0.010259808522620569,1289230.856022091,TimeStop (90m)
2024-06-11 14:15:00,2024-06-11 15:45:00,SHORT,54.21,54.21,-0.002,1286652.3943100467,TimeStop (90m)
2024-06-12 09:30:00,2024-06-12 11:00:00,SHORT,58.71,58.57,0.00038460228240505155,1287147.2437575602,TimeStop (90m)
2024-06-13 09:30:00,2024-06-13 11:00:00,SHORT,60.54,59.83,0.009727783283779334,1299668.3331991476,Trailing SL
2024-06-13 15:45:00,2024-06-14 09:30:00,LONG,60.815,59.06,-0.030858012003617458,1259563.1521725669,SL (-2.0%)
2024-06-18 15:45:00,2024-06-20 10:00:00,LONG,65.21,63.6,-0.026689464806011233,1225946.0857517086,SL (-2.0%)
2024-06-20 15:00:00,2024-06-21 09:30:00,LONG,59.96,57.72,-0.039358238825883955,1177695.0069210352,SL (-2.0%)
2024-06-21 09:45:00,2024-06-21 11:15:00,LONG,57.06,58.86,0.029545741324921083,1212490.8789551754,TimeStop (90m)
2024-06-24 14:00:00,2024-06-24 15:30:00,LONG,54.02,54.51,0.00707071455016651,1221064.055854948,TimeStop (90m)
2024-06-24 15:45:00,2024-06-25 10:15:00,LONG,53.12,54.03,0.015131024096385613,1239540.0055073195,Trailing SL
2024-06-26 09:30:00,2024-06-26 11:00:00,LONG,55.3,53.635,-0.032108499095840855,1199740.236361229,SL (-2.0%)
2024-06-26 15:00:00,2024-06-27 09:30:00,LONG,53.0,54.94,0.034603773584905614,1241255.7758609743,TP (+3.5%)
2024-06-27 14:15:00,2024-06-27 15:45:00,LONG,53.905,53.84,-0.0032058250626101053,1237276.5269856097,TimeStop (90m)
2024-06-28 15:45:00,2024-07-01 10:00:00,SHORT,55.3,52.39,0.05062206148282092,1299910.0154059264,TP (+3.5%)
2024-07-01 15:45:00,2024-07-02 10:45:00,LONG,55.43,55.895,0.006388959047447292,1308215.0872597215,TimeStop (90m)
2024-07-02 15:30:00,2024-07-03 10:30:00,LONG,57.45,58.83,0.02202088772845945,1337023.1448209446,TimeStop (90m)
2024-07-05 15:45:00,2024-07-08 09:30:00,LONG,60.81,63.6,0.04388061174148987,1395692.5383282183,TP (+3.5%)
2024-07-08 09:45:00,2024-07-08 11:15:00,SHORT,63.96,64.0,-0.002625390869293295,1392028.2998817507,TimeStop (90m)
2024-07-08 13:45:00,2024-07-08 15:15:00,SHORT,64.415,63.445,0.013058604362338055,1410206.2467110844,TimeStop (90m)
2024-07-09 09:30:00,2024-07-09 11:00:00,SHORT,65.71,63.77,0.02752366458682074,1449020.2904437995,TimeStop (90m)
2024-07-09 11:15:00,2024-07-09 12:45:00,SHORT,63.39,62.955,0.004862281116895445,1456065.8344400227,TimeStop (90m)
2024-07-09 13:15:00,2024-07-09 14:45:00,SHORT,62.85,63.925,-0.01910421638822587,1428248.8376633779,TimeStop (90m)
2024-07-09 15:15:00,2024-07-10 09:30:00,SHORT,63.79,65.81,-0.03366640539269483,1380164.8332929574,SL (-2.0%)
2024-07-10 09:45:00,2024-07-10 11:15:00,SHORT,66.33,66.94,-0.011196442032262919,1364711.897742025,TimeStop (90m)
2024-07-10 15:30:00,2024-07-11 10:00:00,LONG,68.49,66.34,-0.03339144400642417,1319142.1968236715,SL (-2.0%)
2024-07-11 11:15:00,2024-07-11 12:00:00,SHORT,63.885,63.12,0.009974641934726471,1332300.167897976,Trailing SL
2024-07-11 14:00:00,2024-07-11 15:00:00,SHORT,61.65,63.125,-0.025925385239253876,1297759.7727908983,SL (-2.0%)
2024-07-12 15:30:00,2024-07-15 10:30:00,SHORT,64.38,65.4,-0.017843429636533244,1274603.2875999806,TimeStop (90m)
2024-07-15 15:15:00,2024-07-16 10:15:00,SHORT,64.6,63.27,0.01858823529411751,1298295.913416545,Trailing SL
2024-07-17 09:30:00,2024-07-17 11:00:00,SHORT,58.075,57.02,0.016166164442531203,1319284.3786479032,TimeStop (90m)
2024-07-17 14:15:00,2024-07-17 15:45:00,LONG,53.42,51.42,-0.039439161362785476,1267252.9091550063,SL (-2.0%)
2024-07-18 10:30:00,2024-07-18 11:00:00,LONG,50.42,50.19,-0.006561681872272986,1258937.5987134187,Trailing SL
2024-07-18 11:15:00,2024-07-18 12:45:00,LONG,49.8,51.47,0.031534136546184775,1298637.1088543737,TimeStop (90m)
2024-07-18 13:15:00,2024-07-18 14:30:00,LONG,51.12,50.04,-0.02312676056338025,1268603.8393791781,SL (-2.0%)
2024-07-18 15:30:00,2024-07-19 09:45:00,LONG,51.545,50.51,-0.022079542147638055,1240593.6474389501,SL (-2.0%)
2024-07-19 11:15:00,2024-07-19 12:45:00,LONG,48.21,47.83,-0.009882182119892191,1228333.875078177,TimeStop (90m)
2024-07-19 13:00:00,2024-07-19 14:30:00,LONG,47.48,47.285,-0.006106992417860158,1220832.4494164737,TimeStop (90m)
2024-07-19 15:45:00,2024-07-22 09:30:00,LONG,47.0,50.82,0.07927659574468085,1317615.8899808521,TP (+3.5%)
2024-07-22 09:45:00,2024-07-22 11:15:00,SHORT,50.34,49.65,0.011706793802145506,1333040.9475152886,TimeStop (90m)
2024-07-22 15:15:00,2024-07-23 10:15:00,SHORT,52.15,51.17,0.01679194630872477,1355425.2995332968,TimeStop (90m)
2024-07-23 15:30:00,2024-07-24 09:30:00,LONG,50.54,46.81,-0.07580292837356543,1252680.092637056,SL (-2.0%)
2024-07-24 11:15:00,2024-07-24 12:45:00,SHORT,45.69,44.56,0.022731888815933368,1281155.8772248146,TimeStop (90m)
2024-07-24 13:45:00,2024-07-24 14:45:00,LONG,44.53,43.52,-0.02468133842353465,1249535.2354457285,SL (-2.0%)
2024-07-24 15:00:00,2024-07-25 09:30:00,LONG,43.305,40.78,-0.06030735480891349,1174179.0706554637,SL (-2.0%)
2024-07-25 10:30:00,2024-07-25 11:00:00,LONG,40.78,41.535,0.016513977439921418,1193569.437338696,Trailing SL
2024-07-25 11:15:00,2024-07-25 12:00:00,SHORT,41.15,42.1,-0.025086269744836034,1163627.2324744253,SL (-2.0%)
2024-07-25 12:15:00,2024-07-25 13:45:00,SHORT,43.07,42.71,0.006358486185279764,1171026.1401569291,TimeStop (90m)
2024-07-25 14:45:00,2024-07-25 15:45:00,SHORT,41.15,39.59,0.03591008505467789,1213077.7884512155,TP (+3.5%)
2024-07-26 10:00:00,2024-07-26 11:30:00,SHORT,41.18,41.61,-0.012441962117532776,1197984.720561685,TimeStop (90m)
2024-07-26 12:00:00,2024-07-26 12:30:00,SHORT,41.84,42.8,-0.024944550669215908,1168101.5299986878,SL (-2.0%)
2024-07-26 15:30:00,2024-07-29 09:30:00,SHORT,41.61,44.74,-0.07722230233117046,1077898.0404956264,SL (-2.0%)
2024-07-29 09:45:00,2024-07-29 10:15:00,SHORT,44.35,43.55,0.016038331454340568,1095185.7265430796,Trailing SL
2024-07-29 10:45:00,2024-07-29 11:45:00,SHORT,43.04,42.755,0.0046217472118958314,1100247.3981212382,Trailing SL
2024-07-29 15:30:00,2024-07-30 10:00:00,SHORT,42.38,40.8,0.03528173666823986,1139066.0370916678,TP (+3.5%)
2024-07-30 14:15:00,2024-07-30 15:45:00,SHORT,38.52,37.095,0.03499376947040509,1178926.2514052214,TP (+3.5%)
2024-07-31 09:30:00,2024-07-31 11:00:00,SHORT,42.11,42.52,-0.01173640465447646,1165089.8958609446,TimeStop (90m)
2024-07-31 15:45:00,2024-08-01 09:45:00,SHORT,44.58,42.58,0.04286316733961418,1215029.3390329261,TP (+3.5%)
2024-08-01 10:45:00,2024-08-01 11:30:00,SHORT,39.32,37.7,0.03920040691759912,1262658.9835398383,TP (+3.5%)
2024-08-01 14:30:00,2024-08-02 09:30:00,LONG,33.865,30.96,-0.08778178059943897,1151820.5296748336,Trailing SL
2024-08-02 09:45:00,2024-08-02 10:00:00,LONG,30.06,28.17,-0.06487425149700589,1077097.0349532939,SL (-2.0%)
2024-08-02 10:15:00,2024-08-02 10:45:00,LONG,29.62,28.94,-0.024957461174881825,1050215.4275218667,SL (-2.0%)
2024-08-02 11:00:00,2024-08-02 11:30:00,LONG,29.47,31.2,0.05670376654224637,1109766.597943132,TP (+3.5%)
2024-08-02 11:45:00,2024-08-02 12:00:00,LONG,30.635,29.92,-0.025339317773788145,1081645.8694631152,SL (-2.0%)
2024-08-02 12:15:00,2024-08-02 12:45:00,LONG,30.15,29.07,-0.03782089552238801,1040737.0540419283,SL (-2.0%)
2024-08-02 13:00:00,2024-08-02 13:15:00,LONG,29.44,28.77,-0.024758152173913098,1014970.3276849282,SL (-2.0%)
2024-08-02 13:30:00,2024-08-02 14:30:00,LONG,28.6,28.93,0.009538461538461478,1024651.5831182306,Trailing SL
2024-08-02 14:45:00,2024-08-05 09:30:00,LONG,28.92,25.39,-0.124060857538036,897532.4290388768,SL (-2.0%)
2024-08-05 09:45:00,2024-08-05 11:00:00,SHORT,26.7,28.14,-0.05593258426966297,847331.1208169045,SL (-2.0%)
2024-08-05 12:00:00,2024-08-05 12:15:00,LONG,28.81,30.05,0.041040610898993475,882106.1076489592,TP (+3.5%)
2024-08-05 12:45:00,2024-08-05 13:45:00,LONG,28.15,28.27,0.00226287744227357,884102.2056616497,Trailing SL
2024-08-05 14:00:00,2024-08-05 15:30:00,LONG,27.54,27.26,-0.012167029774872825,873345.3078013337,TimeStop (90m)
2024-08-05 15:45:00,2024-08-06 10:30:00,LONG,27.9,29.17,0.04351971326164886,911353.0451752543,TP (+3.5%)
2024-08-06 10:45:00,2024-08-06 11:45:00,SHORT,29.49,29.365,0.00223872499152255,913393.3140135884,Trailing SL
2024-08-06 14:45:00,2024-08-06 15:45:00,SHORT,30.11,28.615,0.04765127864496848,956917.6733321011,TP (+3.5%)
2024-08-07 10:15:00,2024-08-07 10:45:00,SHORT,29.84,30.48,-0.02344772117962468,934480.1345359548,SL (-2.0%)
2024-08-07 14:15:00,2024-08-07 15:45:00,SHORT,26.9,26.07,0.02885501858736053,961444.576187509,TimeStop (90m)
2024-08-08 09:30:00,2024-08-08 10:00:00,SHORT,27.65,28.74,-0.041421338155515366,921620.25527946,SL (-2.0%)
2024-08-08 10:15:00,2024-08-08 11:30:00,SHORT,29.58,30.29,-0.026002704530087926,897655.636092484,SL (-2.0%)
2024-08-08 12:30:00,2024-08-08 13:15:00,SHORT,30.04,30.92,-0.03129427430093218,869564.1543888281,SL (-2.0%)
2024-08-08 15:30:00,2024-08-09 09:45:00,SHORT,31.31,29.83,0.045269243053337606,908928.665444326,TP (+3.5%)
2024-08-09 10:00:00,2024-08-09 10:45:00,SHORT,30.85,30.595,0.006265802269043842,914623.8327386661,Trailing SL
2024-08-09 11:00:00,2024-08-09 12:15:00,SHORT,30.64,30.25,0.010728459530026128,924436.3375134002,Trailing SL
2024-08-09 13:30:00,2024-08-09 15:00:00,SHORT,31.53,31.32,0.004660323501427239,928744.5099026873,TimeStop (90m)
2024-08-09 15:45:00,2024-08-12 10:15:00,SHORT,30.98,31.82,-0.029114267269205935,901704.7940165728,SL (-2.0%)
2024-08-12 10:30:00,2024-08-12 12:00:00,SHORT,31.91,31.64,0.006461297398934489,907530.9768567587,TimeStop (90m)
2024-08-13 15:00:00,2024-08-14 09:30:00,LONG,34.56,34.3,-0.009523148148148296,898888.4249151181,Trailing SL
2024-08-15 15:45:00,2024-08-16 09:30:00,LONG,40.06,38.62,-0.0379460808786821,864779.1320423778,SL (-2.0%)
2024-08-16 10:00:00,2024-08-16 11:30:00,SHORT,39.66,39.17,0.010355017650025087,873733.93521805,TimeStop (90m)
2024-08-22 15:30:00,2024-08-23 09:30:00,LONG,37.16,39.03,0.04832292787944038,915955.3171554115,TP (+3.5%)
2024-08-26 10:30:00,2024-08-26 12:00:00,SHORT,37.67,37.42,0.004636580833554552,920202.2180233265,TimeStop (90m)
2024-08-26 15:45:00,2024-08-27 09:30:00,LONG,37.38,36.04,-0.03784804708400223,885374.3611487764,SL (-2.0%)
2024-08-27 09:45:00,2024-08-27 10:30:00,LONG,36.79,38.11,0.0338793150312585,915370.238050735,TP (+3.5%)
2024-08-27 15:45:00,2024-08-28 09:45:00,LONG,38.56,37.75,-0.0230062240663901,894311.025250435,SL (-2.0%)
2024-08-28 11:00:00,2024-08-28 11:45:00,SHORT,35.62,36.62,-0.030074115665356546,867415.4120362498,SL (-2.0%)
2024-08-29 15:00:00,2024-08-29 15:30:00,SHORT,35.77,36.53,-0.023246854906346044,847250.7318091147,SL (-2.0%)
2024-08-29 15:45:00,2024-08-30 09:30:00,LONG,36.22,38.63,0.0645378244064054,901930.4507668099,TP (+3.5%)
2024-09-03 09:30:00,2024-09-03 10:00:00,SHORT,35.08,33.8,0.03448802736602056,933036.252835103,TP (+3.5%)
2024-09-03 10:15:00,2024-09-03 10:45:00,SHORT,33.89,32.16,0.0490475066391267,978799.3546405786,TP (+3.5%)
2024-09-03 11:00:00,2024-09-03 12:15:00,SHORT,33.0,31.82,0.03375757575757575,1011841.2480063242,TP (+3.5%)
2024-09-03 13:00:00,2024-09-03 14:00:00,LONG,31.31,30.44,-0.029786649632705123,981701.8872680407,SL (-2.0%)
2024-09-03 14:15:00,2024-09-03 15:45:00,LONG,30.18,30.06,-0.005976143141153115,975835.0962677867,TimeStop (90m)
2024-09-04 10:30:00,2024-09-04 12:00:00,SHORT,31.25,30.51,0.02167999999999995,996991.2011548722,TimeStop (90m)
2024-09-04 12:15:00,2024-09-04 13:45:00,SHORT,30.95,30.87,0.0005848142164781357,997574.2557830112,TimeStop (90m)
2024-09-04 14:30:00,2024-09-05 09:30:00,SHORT,30.22,29.87,0.009581733951025741,1007132.7468983165,TimeStop (90m)
2024-09-05 09:45:00,2024-09-05 11:15:00,SHORT,30.28,29.24,0.032346103038309204,1039709.5665027449,TimeStop (90m)
2024-09-05 11:30:00,2024-09-05 12:15:00,SHORT,29.43,30.09,-0.024426095820591236,1014313.5210057636,SL (-2.0%)
2024-09-05 13:00:00,2024-09-05 14:30:00,SHORT,29.78,30.08,-0.012073875083948863,1002066.8262571796,TimeStop (90m)
2024-09-05 15:15:00,2024-09-06 09:30:00,SHORT,29.94,28.02,0.0621282565130261,1064323.4910820797,TP (+3.5%)
2024-09-06 09:45:00,2024-09-06 10:30:00,SHORT,27.24,26.18,0.03691336270190891,1103611.2501405545,TP (+3.5%)
2024-09-06 11:00:00,2024-09-06 12:30:00,SHORT,26.33,25.75,0.0200281048233953,1125714.4919426478,TimeStop (90m)
2024-09-06 12:45:00,2024-09-06 13:30:00,LONG,25.635,25.85,0.006386970938170464,1132904.397687363,Trailing SL
2024-09-06 13:45:00,2024-09-06 15:15:00,LONG,25.97,26.45,0.016482864844050843,1151577.9077556748,TimeStop (90m)
2024-09-06 15:45:00,2024-09-09 09:30:00,SHORT,25.95,27.18,-0.04939884393063586,1094691.290416484,SL (-2.0%)
2024-09-09 11:00:00,2024-09-09 11:45:00,SHORT,26.32,27.17,-0.03429483282674778,1057149.0356147538,SL (-2.0%)
2024-09-09 15:30:00,2024-09-10 10:00:00,LONG,27.35,26.68,-0.026497257769652713,1029137.4851171299,SL (-2.0%)
2024-09-10 10:30:00,2024-09-10 12:00:00,SHORT,26.94,26.47,0.01544617668893847,1045033.7245494588,TimeStop (90m)
2024-09-10 15:45:00,2024-09-11 09:45:00,LONG,28.35,28.41,0.00011640211640207097,1045155.368686708,Trailing SL
2024-09-11 10:15:00,2024-09-11 11:30:00,SHORT,27.9,28.935,-0.03909677419354839,1004293.165239989,SL (-2.0%)
2024-09-11 15:30:00,2024-09-12 10:30:00,LONG,31.75,31.9,0.0027244094488188524,1007029.2710287529,TimeStop (90m)
2024-09-17 12:45:00,2024-09-17 14:15:00,LONG,31.84,31.78,-0.0038844221105527234,1003117.544262395,TimeStop (90m)
2024-09-18 15:30:00,2024-09-19 09:30:00,LONG,31.71,34.32,0.0803084200567644,1083676.3293733292,TP (+3.5%)
2024-09-19 15:45:00,2024-09-20 09:30:00,LONG,35.07,33.83,-0.03735785571713721,1043192.5054165234,SL (-2.0%)
2024-09-20 15:15:00,2024-09-23 10:15:00,LONG,33.6,33.91,0.007226190476190332,1050730.8131639974,TimeStop (90m)
2024-09-23 15:45:00,2024-09-24 09:30:00,LONG,33.935,35.14,0.03350906144099007,1085939.8165402513,TP (+3.5%)
2024-09-26 10:45:00,2024-09-26 11:45:00,LONG,37.03,38.74,0.04417877396705376,1133915.306237007,TP (+3.5%)
2024-09-30 14:15:00,2024-09-30 15:45:00,LONG,35.34,36.635,0.03464402942840958,1173198.701475606,TP (+3.5%)
2024-10-01 11:00:00,2024-10-01 11:30:00,SHORT,33.0,33.74,-0.024424242424242487,1144544.2119789594,SL (-2.0%)
2024-10-01 13:15:00,2024-10-01 14:00:00,LONG,32.88,34.23,0.039058394160583765,1189248.2709446484,TP (+3.5%)
2024-10-03 09:30:00,2024-10-03 11:00:00,SHORT,35.65,35.15,0.012025245441795233,1203549.2732939885,TimeStop (90m)
2024-10-03 15:45:00,2024-10-04 09:30:00,LONG,35.245,37.13,0.05148276351255512,1265511.3159066907,TP (+3.5%)
2024-10-04 15:45:00,2024-10-07 10:45:00,LONG,36.715,36.62,-0.004587498297698651,1259705.7848992504,TimeStop (90m)
2024-10-07 14:45:00,2024-10-08 09:45:00,SHORT,35.71,36.34,-0.01964211705404656,1234962.4964185997,TimeStop (90m)
2024-10-08 15:15:00,2024-10-09 09:30:00,LONG,37.555,36.76,-0.023168952203435005,1206349.7093660424,SL (-2.0%)
2024-10-09 15:45:00,2024-10-10 09:30:00,LONG,38.605,37.13,-0.0402074860769329,1157845.420222795,SL (-2.0%)
2024-10-10 15:45:00,2024-10-11 10:45:00,SHORT,37.775,38.485,-0.02079549966909334,1133767.4461696907,TimeStop (90m)
2024-10-11 15:00:00,2024-10-14 09:45:00,LONG,38.915,40.82,0.04695284594629323,1187001.0544086182,TP (+3.5%)
2024-10-14 10:00:00,2024-10-14 11:30:00,SHORT,40.42,40.01,0.008143493320138636,1196667.3895661922,TimeStop (90m)
2024-10-14 15:15:00,2024-10-15 10:00:00,LONG,40.99,39.81,-0.03078750914857281,1159824.9813621244,SL (-2.0%)
2024-10-15 11:15:00,2024-10-15 12:45:00,SHORT,36.15,35.31,0.02123651452282148,1184455.6214227523,TimeStop (90m)
2024-10-15 15:30:00,2024-10-16 10:15:00,LONG,34.11,35.41,0.03611199061858684,1227228.6717117033,TP (+3.5%)
2024-10-16 15:45:00,2024-10-17 09:30:00,LONG,34.455,36.6,0.06025511536787123,1301175.4769084514,TP (+3.5%)
2024-10-17 15:45:00,2024-10-18 10:45:00,LONG,35.23,35.41,0.0031092818620493817,1305221.198218146,Trailing SL
2024-10-18 15:15:00,2024-10-21 10:15:00,LONG,35.295,34.95,-0.011774755631109189,1289852.5375645838,TimeStop (90m)
2024-10-21 15:00:00,2024-10-22 10:00:00,LONG,34.505,34.38,-0.005622663382118533,1282600.1309332866,TimeStop (90m)
2024-10-22 13:30:00,2024-10-22 15:00:00,LONG,34.63,34.75,0.0014652035807102928,1284479.4012377497,TimeStop (90m)
2024-10-22 15:30:00,2024-10-23 10:30:00,LONG,34.79,34.7,-0.004586950273066867,1278587.5580974934,TimeStop (90m)
2024-10-23 15:45:00,2024-10-24 10:45:00,LONG,33.805,33.96,0.002585120544298215,1281892.8610616152,TimeStop (90m)
2024-10-24 15:45:00,2024-10-25 09:30:00,LONG,34.265,35.97,0.04775922953451038,1343115.0764517072,TP (+3.5%)
2024-10-25 13:15:00,2024-10-25 14:45:00,SHORT,36.28,35.93,0.007647188533627381,1353386.1306636906,TimeStop (90m)
2024-10-28 15:45:00,2024-10-29 10:45:00,LONG,35.37,36.36,0.025989821882951715,1388560.3951384972,TimeStop (90m)
2024-10-29 15:00:00,2024-10-30 09:30:00,LONG,37.865,34.39,-0.09377340551960917,1258350.3581167064,SL (-2.0%)
2024-10-30 15:45:00,2024-10-31 09:30:00,LONG,33.95,31.26,-0.08123416789396175,1156129.3138560269,SL (-2.0%)
2024-10-31 09:45:00,2024-10-31 11:15:00,SHORT,30.06,30.11,-0.003663339986693304,1151894.0191107898,TimeStop (90m)
2024-10-31 11:45:00,2024-10-31 13:15:00,SHORT,29.76,29.67,0.0010241935483870919,1153073.7815335887,TimeStop (90m)
2024-10-31 14:15:00,2024-10-31 15:30:00,SHORT,29.435,30.125,-0.025441481229828478,1123737.8765640946,SL (-2.0%)
2024-10-31 15:45:00,2024-11-01 09:30:00,SHORT,29.99,31.09,-0.03867889296432149,1080272.939516518,SL (-2.0%)
2024-11-01 15:45:00,2024-11-04 10:45:00,LONG,30.895,31.18,0.007224793655931386,1088077.6885966111,TimeStop (90m)
2024-11-05 15:30:00,2024-11-06 09:30:00,LONG,31.12,33.29,0.06773007712082256,1161773.2743587059,TP (+3.5%)
2024-11-07 14:30:00,2024-11-08 09:30:00,LONG,36.01,35.52,-0.015607331296861841,1143641.0939739496,TimeStop (90m)
2024-11-08 15:00:00,2024-11-11 09:30:00,LONG,35.14,32.735,-0.07044052361980652,1063082.4164812963,SL (-2.0%)
2024-11-11 15:45:00,2024-11-12 09:30:00,LONG,32.77,32.06,-0.023666158071406797,1037923.3399699169,SL (-2.0%)
2024-11-12 15:45:00,2024-11-13 09:30:00,LONG,31.67,31.02,-0.022524155352068267,1014544.9934168968,SL (-2.0%)
2024-11-13 09:45:00,2024-11-13 11:00:00,LONG,30.57,29.745,-0.02898724239450439,985136.1317725903,SL (-2.0%)
2024-11-13 15:30:00,2024-11-14 10:30:00,LONG,29.94,30.37,0.012362057448229782,997314.4412278899,TimeStop (90m)
2024-11-14 15:45:00,2024-11-15 09:30:00,LONG,29.615,28.04,-0.05518250886375146,942280.1282348845,SL (-2.0%)
2024-11-15 10:00:00,2024-11-15 11:30:00,SHORT,27.92,27.04,0.0295186246418339,970094.9416477092,TimeStop (90m)
2024-11-15 14:00:00,2024-11-15 15:30:00,LONG,26.57,26.485,-0.005199096725630442,965051.324213038,TimeStop (90m)
2024-11-15 15:45:00,2024-11-18 10:45:00,LONG,26.66,27.38,0.025006751687921935,989184.1230437336,TimeStop (90m)
2024-11-18 15:00:00,2024-11-19 10:00:00,LONG,27.65,27.45,-0.00923327305605784,980050.7159329538,TimeStop (90m)
2024-11-19 15:45:00,2024-11-20 09:45:00,SHORT,27.82,26.75,0.03646153846153847,1015784.8728062016,TP (+3.5%)
2024-11-20 10:15:00,2024-11-20 11:45:00,SHORT,26.37,26.89,-0.02171937808115281,993722.657104608,TimeStop (90m)
2024-11-20 15:30:00,2024-11-21 10:15:00,LONG,26.8,26.67,-0.006850746268656679,986914.915319369,Trailing SL
2024-11-21 15:30:00,2024-11-22 10:00:00,LONG,28.62,27.94,-0.02575960866526903,961492.373314825,SL (-2.0%)
2024-11-22 15:00:00,2024-11-25 09:30:00,LONG,28.19,29.62,0.048727208229868736,1008343.2124007671,TP (+3.5%)
2024-11-25 15:45:00,2024-11-26 10:15:00,LONG,29.35,28.61,-0.02721294718909717,980903.2218132204,SL (-2.0%)
2024-11-26 15:00:00,2024-11-27 09:30:00,LONG,27.54,27.56,-0.0012737835875090931,979653.76338834,Trailing SL
2024-11-27 15:45:00,2024-11-29 09:30:00,LONG,26.97,27.95,0.03433667037449019,1013291.8117429344,TP (+3.5%)
2024-12-02 11:30:00,2024-12-02 13:00:00,LONG,30.51,30.64,0.0022608980662077675,1015582.7612406082,TimeStop (90m)
2024-12-02 15:15:00,2024-12-03 10:00:00,LONG,30.42,29.61,-0.028627218934911318,986509.4511880516,SL (-2.0%)
2024-12-03 15:45:00,2024-12-04 09:30:00,LONG,29.71,30.77,0.03367822282059908,1019733.3362997898,TP (+3.5%)
2024-12-04 15:30:00,2024-12-05 09:45:00,LONG,30.95,29.8,-0.03915670436187395,979803.9395223516,SL (-2.0%)
2024-12-05 13:45:00,2024-12-05 15:15:00,LONG,29.11,28.98,-0.0064658193060803506,973468.7042940144,TimeStop (90m)
2024-12-05 15:45:00,2024-12-06 10:15:00,LONG,29.12,29.52,0.011736263736263687,984893.5897466078,Trailing SL
2024-12-06 14:30:00,2024-12-09 09:30:00,LONG,29.61,29.515,-0.005208375548801042,979763.8940556007,TimeStop (90m)
2024-12-09 15:45:00,2024-12-10 09:45:00,LONG,29.225,28.34,-0.03228229255774171,948134.8693901856,SL (-2.0%)
2024-12-10 12:45:00,2024-12-10 14:15:00,LONG,27.25,27.25,-0.002,946238.5996514052,TimeStop (90m)
2024-12-10 15:00:00,2024-12-11 09:30:00,LONG,26.93,28.35,0.050729298180467945,994240.6197229897,TP (+3.5%)
2024-12-11 15:15:00,2024-12-12 09:30:00,SHORT,29.585,28.46,0.03602602670272097,1030059.1588380601,TP (+3.5%)
2024-12-12 15:30:00,2024-12-13 09:30:00,LONG,28.36,31.075,0.09373342736248236,1126610.1341820671,TP (+3.5%)
2024-12-13 15:30:00,2024-12-16 09:45:00,LONG,30.68,31.93,0.03874315514993481,1170258.5654041718,TP (+3.5%)
2024-12-16 15:30:00,2024-12-17 09:30:00,LONG,32.845,31.87,-0.03168488354391834,1133179.0590430677,SL (-2.0%)
2024-12-17 14:30:00,2024-12-18 09:30:00,LONG,30.76,32.415,0.051803641092327615,1191881.8603110765,TP (+3.5%)
2024-12-18 14:00:00,2024-12-18 14:45:00,LONG,31.07,29.7,-0.04609398133247509,1136943.280091382,SL (-2.0%)
2024-12-18 15:00:00,2024-12-18 15:15:00,LONG,29.15,28.48,-0.024984562607204053,1108537.249529099,SL (-2.0%)
2024-12-18 15:30:00,2024-12-19 09:30:00,LONG,27.13,27.34,0.00574050866199782,1114900.817212168,Trailing SL
2024-12-19 09:45:00,2024-12-19 10:30:00,SHORT,27.31,26.81,0.016308311973636032,1133082.9675589257,Trailing SL
2024-12-19 15:00:00,2024-12-20 10:00:00,LONG,26.415,26.39,-0.0029464319515426305,1129744.4156995614,TimeStop (90m)
2024-12-20 10:15:00,2024-12-20 11:30:00,LONG,26.98,28.24,0.044701260192735286,1180245.414777037,TP (+3.5%)
2024-12-20 15:30:00,2024-12-23 09:30:00,LONG,27.34,28.62,0.04481784930504759,1233141.4759194874,TP (+3.5%)
2024-12-26 13:15:00,2024-12-26 14:45:00,LONG,30.84,30.89,-0.00037872892347598215,1232674.4495758188,TimeStop (90m)
2024-12-26 15:45:00,2024-12-27 09:30:00,LONG,30.5,29.52,-0.03413114754098362,1190601.856067346,SL (-2.0%)
2024-12-27 09:45:00,2024-12-27 11:15:00,SHORT,29.4,29.37,-0.000979591836734776,1189435.5522083412,TimeStop (90m)
2024-12-27 15:30:00,2024-12-30 09:30:00,LONG,29.28,27.65,-0.05766939890710391,1120841.518873747,SL (-2.0%)
2024-12-30 15:30:00,2024-12-31 10:30:00,LONG,27.94,28.0,0.00014745884037218032,1121006.7968643613,TimeStop (90m)
2024-12-31 14:30:00,2024-12-31 15:45:00,LONG,27.02,27.295,0.008177646188008961,1130173.9938234712,Trailing SL
2025-01-02 10:30:00,2025-01-02 12:00:00,LONG,28.1,28.55,0.014014234875444813,1146012.517623033,TimeStop (90m)
2025-01-02 12:30:00,2025-01-02 14:00:00,LONG,27.48,27.34,-0.007094614264919963,1137882.0008677277,TimeStop (90m)
2025-01-02 15:30:00,2025-01-03 09:30:00,LONG,27.62,28.84,0.04217089065894275,1185867.4983090996,TP (+3.5%)
2025-01-03 15:00:00,2025-01-06 09:30:00,SHORT,29.96,32.99,-0.1031348464619493,1063563.2359467747,SL (-2.0%)
2025-01-06 14:00:00,2025-01-06 15:30:00,SHORT,32.74,32.7,-0.0007782529016493848,1062735.5147723116,TimeStop (90m)
2025-01-06 15:45:00,2025-01-07 09:45:00,LONG,32.52,32.89,0.009377613776137682,1072701.437976031,Trailing SL
2025-01-10 09:45:00,2025-01-10 11:15:00,LONG,28.25,27.81,-0.0175752212389381,1053848.4728802755,TimeStop (90m)
2025-01-13 15:00:00,2025-01-14 09:30:00,LONG,27.56,28.76,0.04154136429608138,1097626.776205064,TP (+3.5%)
2025-01-14 15:00:00,2025-01-15 09:30:00,LONG,27.52,29.99,0.08775290697674415,1193946.7165925705,TP (+3.5%)
2025-01-15 14:30:00,2025-01-16 09:30:00,LONG,30.16,30.75,0.01756233421750663,1214915.207867264,TimeStop (90m)
2025-01-16 15:15:00,2025-01-16 15:45:00,LONG,30.69,30.03,-0.023505376344086025,1186358.1686801906,SL (-2.0%)
2025-01-17 15:30:00,2025-01-21 10:30:00,LONG,32.58,33.2,0.01703007980356061,1206561.9429684202,TimeStop (90m)
2025-01-21 15:45:00,2025-01-22 09:30:00,LONG,33.68,35.62,0.05560095011876478,1273647.9333746075,TP (+3.5%)
2025-01-22 15:45:00,2025-01-23 09:30:00,LONG,35.08,33.48,-0.0476100342075257,1213009.511698298,SL (-2.0%)
2025-01-23 15:15:00,2025-01-24 10:15:00,LONG,34.28,33.88,-0.013668611435239165,1196429.3560156447,TimeStop (90m)
2025-01-24 12:15:00,2025-01-24 13:30:00,LONG,33.5,32.63,-0.027970149253731265,1162965.0483563414,SL (-2.0%)
2025-01-24 15:00:00,2025-01-27 09:30:00,LONG,32.77,27.555,-0.16113945682026254,975565.4921632502,SL (-2.0%)
2025-01-27 10:15:00,2025-01-27 11:00:00,SHORT,27.36,26.165,0.04167690058479533,1016224.0381940948,TP (+3.5%)
2025-01-27 11:15:00,2025-01-27 12:30:00,LONG,25.8,25.16,-0.02680620155038762,988982.9318059151,SL (-2.0%)
2025-01-27 12:45:00,2025-01-27 14:15:00,LONG,24.38,24.425,-0.0001542247744051803,988830.4061363668,TimeStop (90m)
2025-01-27 14:30:00,2025-01-27 15:45:00,LONG,24.15,25.055,0.03547412008281578,1023908.2947051877,TP (+3.5%)
2025-01-28 09:30:00,2025-01-28 10:00:00,LONG,23.83,24.98,0.046258497691984986,1071272.754192612,TP (+3.5%)
2025-01-28 10:15:00,2025-01-28 10:30:00,LONG,25.16,24.61,-0.02386009538950718,1045712.084089396,SL (-2.0%)
2025-01-28 10:45:00,2025-01-28 12:15:00,LONG,24.52,24.96,0.015944535073409517,1062385.4770908477,TimeStop (90m)
2025-01-28 12:45:00,2025-01-28 14:15:00,LONG,24.84,25.16,0.010882447665056373,1073946.8314454048,TimeStop (90m)
2025-01-28 15:45:00,2025-01-29 10:15:00,LONG,25.36,25.66,0.009829652996845455,1084503.3561355746,Trailing SL
2025-01-29 11:30:00,2025-01-29 13:00:00,LONG,25.28,25.31,-0.000813291139240602,1083621.339165553,TimeStop (90m)
2025-01-29 13:15:00,2025-01-29 14:45:00,LONG,25.43,25.59,0.004291781360597725,1088272.0050309298,TimeStop (90m)
2025-01-29 15:00:00,2025-01-30 09:30:00,LONG,25.41,26.6,0.04483195592286506,1137061.3675925646,TP (+3.5%)
2025-01-30 14:15:00,2025-01-30 15:45:00,LONG,27.21,27.18,-0.003102535832414595,1133533.5939559543,TimeStop (90m)
2025-01-31 14:30:00,2025-02-03 09:30:00,LONG,27.28,24.58,-0.10097360703812328,1019076.6182753341,SL (-2.0%)
2025-02-03 09:45:00,2025-02-03 10:15:00,SHORT,24.81,25.94,-0.047546150745667176,970623.4477614304,SL (-2.0%)
2025-02-03 15:30:00,2025-02-04 10:30:00,LONG,25.71,26.21,0.017447685725398676,987558.5806356748,TimeStop (90m)
2025-02-04 14:45:00,2025-02-05 09:45:00,LONG,26.07,26.1,-0.0008492520138089323,986719.8945223156,TimeStop (90m)
2025-02-05 15:30:00,2025-02-06 10:30:00,LONG,27.51,27.05,-0.018721192293711407,968247.3216369327,TimeStop (90m)
2025-02-06 15:30:00,2025-02-07 10:00:00,LONG,27.3,26.62,-0.026908424908424898,942193.3112898817,SL (-2.0%)
2025-02-07 15:45:00,2025-02-10 09:30:00,LONG,26.335,27.43,0.03957964685779376,979484.9898225106,TP (+3.5%)
2025-02-10 12:00:00,2025-02-10 13:30:00,LONG,27.36,27.39,-0.000903508771929783,978600.0165422325,TimeStop (90m)
2025-02-10 15:45:00,2025-02-11 10:45:00,LONG,27.375,27.74,0.011333333333333277,989690.816729711,TimeStop (90m)
2025-02-11 15:30:00,2025-02-12 10:00:00,SHORT,27.42,26.26,0.04030488694383662,1029580.1932073554,TP (+3.5%)
2025-02-12 15:15:00,2025-02-13 10:15:00,LONG,27.35,28.12,0.026153564899451538,1056507.385609594,TimeStop (90m)
2025-02-13 15:45:00,2025-02-14 10:45:00,LONG,28.485,28.61,0.0023882745304546257,1059030.6152898825,TimeStop (90m)
2025-02-14 15:30:00,2025-02-18 10:30:00,LONG,28.51,29.42,0.029918625043844266,1090715.3551786924,TimeStop (90m)
2025-02-18 14:00:00,2025-02-18 15:30:00,LONG,29.79,30.005,0.005217186975495128,1096405.8211237032,TimeStop (90m)
2025-02-18 15:45:00,2025-02-19 10:45:00,LONG,29.965,30.66,0.02119372601368264,1119642.7456964059,TimeStop (90m)
2025-02-19 14:45:00,2025-02-20 09:45:00,LONG,31.79,31.38,-0.014897137464611517,1102963.2738025114,TimeStop (90m)
2025-02-20 10:45:00,2025-02-20 12:15:00,LONG,30.73,31.46,0.021755287992190057,1126958.5574688937,TimeStop (90m)
2025-02-20 15:00:00,2025-02-21 10:00:00,LONG,31.37,31.35,-0.0026375518010838244,1123986.1458958948,TimeStop (90m)
2025-02-21 14:15:00,2025-02-21 15:45:00,LONG,28.4,28.76,0.010676056338028275,1135985.885312643,TimeStop (90m)
2025-02-24 09:45:00,2025-02-24 11:15:00,LONG,27.82,28.29,0.014894320632638349,1152905.623322641,TimeStop (90m)
2025-02-24 14:45:00,2025-02-24 15:45:00,LONG,27.63,26.74,-0.034211364458921485,1113463.14885641,SL (-2.0%)
2025-02-25 14:15:00,2025-02-25 15:45:00,LONG,25.075,25.04,-0.0033958125623130666,1109682.0367078509,TimeStop (90m)
2025-02-26 15:30:00,2025-02-27 09:30:00,LONG,26.34,25.36,-0.03920577069096433,1066176.0972368007,SL (-2.0%)
2025-02-27 09:45:00,2025-02-27 11:15:00,LONG,24.75,24.48,-0.012909090909090893,1052412.733072471,TimeStop (90m)
2025-02-27 14:15:00,2025-02-27 15:00:00,LONG,23.81,22.905,-0.0400092398152036,1010306.4996504007,SL (-2.0%)
2025-02-28 10:00:00,2025-02-28 11:30:00,LONG,22.63,22.655,-0.0008952717631461719,1009402.0007691407,TimeStop (90m)
2025-02-28 11:45:00,2025-02-28 12:30:00,LONG,22.47,22.02,-0.022026702269692895,987168.2034277664,SL (-2.0%)
2025-02-28 12:45:00,2025-02-28 14:15:00,LONG,21.54,21.68,0.004499535747446637,991610.0020478324,TimeStop (90m)
2025-02-28 14:30:00,2025-03-03 09:30:00,LONG,22.05,22.16,0.002988662131519248,994573.5893101883,Trailing SL
2025-03-03 09:45:00,2025-03-03 10:15:00,LONG,22.09,23.06,0.04191127206880936,1036257.4336042198,TP (+3.5%)
2025-03-03 10:30:00,2025-03-03 11:15:00,LONG,23.2,22.72,-0.022689655172413815,1012745.1097658896,SL (-2.0%)
2025-03-03 13:00:00,2025-03-03 14:30:00,LONG,21.57,22.005,0.018166898470097295,1031143.5473510941,TimeStop (90m)
2025-03-03 14:45:00,2025-03-03 15:00:00,LONG,21.04,20.32,-0.03622053231939158,993794.9791683317,SL (-2.0%)
2025-03-03 15:15:00,2025-03-04 09:30:00,LONG,19.87,20.19,0.014104680422747875,1007812.1397552324,Trailing SL
2025-03-04 09:45:00,2025-03-04 10:00:00,LONG,19.9,19.41,-0.02662311557788937,980981.0406777288,SL (-2.0%)
2025-03-04 10:15:00,2025-03-04 11:45:00,LONG,19.4,20.11,0.03459793814432994,1014920.9620438573,TP (+3.5%)
2025-03-04 12:00:00,2025-03-04 13:00:00,LONG,20.19,21.21,0.04852005943536401,1064164.9874444222,TP (+3.5%)
2025-03-04 13:45:00,2025-03-04 15:00:00,LONG,21.11,21.92,0.03637044054950271,1102869.1368551317,TP (+3.5%)
2025-03-04 15:15:00,2025-03-04 15:30:00,SHORT,21.98,21.2,0.03348680618744318,1139800.7018911121,TP (+3.5%)
2025-03-04 15:45:00,2025-03-05 09:45:00,LONG,20.635,20.57,-0.005149987884662043,1133930.7420854436,Trailing SL
2025-03-05 10:15:00,2025-03-05 11:30:00,LONG,20.74,20.205,-0.02779556412729027,1102412.4974279017,SL (-2.0%)
2025-03-05 11:45:00,2025-03-05 12:45:00,LONG,20.59,21.38,0.036368139873725065,1142505.1893329022,TP (+3.5%)
2025-03-05 13:00:00,2025-03-05 14:00:00,LONG,21.07,21.9,0.037392501186521036,1185226.3159806393,TP (+3.5%)
2025-03-05 15:00:00,2025-03-06 09:30:00,LONG,22.085,19.86,-0.10274711342540192,1063447.7332578055,SL (-2.0%)
2025-03-06 09:45:00,2025-03-06 10:15:00,SHORT,20.08,20.82,-0.038852589641434364,1022130.0348724264,SL (-2.0%)
2025-03-06 10:30:00,2025-03-06 11:30:00,SHORT,20.99,19.98,0.046118151500714535,1069268.7826741035,TP (+3.5%)
2025-03-06 11:45:00,2025-03-06 12:30:00,LONG,19.79,19.38,-0.02271753410813543,1044977.6326329402,SL (-2.0%)
2025-03-06 12:45:00,2025-03-06 14:15:00,LONG,19.39,19.13,-0.015408973697782442,1028875.5997769282,TimeStop (90m)
2025-03-06 14:30:00,2025-03-07 09:30:00,LONG,19.22,19.78,0.02713631633714892,1056795.4935240487,TimeStop (90m)
2025-03-07 09:45:00,2025-03-07 10:30:00,LONG,19.83,19.19,-0.03427433182047388,1020574.534112624,SL (-2.0%)
2025-03-07 10:45:00,2025-03-07 11:15:00,LONG,19.58,19.06,-0.028557711950970358,991429.2605429399,SL (-2.0%)
2025-03-07 11:30:00,2025-03-07 12:30:00,LONG,18.98,19.84,0.04331085353003158,1034368.9080317026,TP (+3.5%)
2025-03-07 12:45:00,2025-03-07 13:45:00,LONG,19.61,20.34,0.03522590515043347,1070805.4890765848,TP (+3.5%)
2025-03-07 14:30:00,2025-03-11 09:30:00,LONG,20.69,17.82,-0.14071435476075403,920127.7856068995,SL (-2.0%)
2025-03-11 10:15:00,2025-03-11 11:45:00,LONG,16.92,17.17,0.012775413711583923,931882.7987355512,Trailing SL
2025-03-11 12:00:00,2025-03-11 13:30:00,LONG,16.92,16.97,0.0009550827423166165,932772.8239144852,TimeStop (90m)
2025-03-11 13:45:00,2025-03-11 14:00:00,LONG,17.03,17.65,0.03440634174985305,964866.1244690624,TP (+3.5%)
2025-03-11 14:15:00,2025-03-11 15:00:00,LONG,17.77,17.99,0.010380416432189019,974881.8366423636,Trailing SL
2025-03-11 15:15:00,2025-03-11 15:45:00,LONG,17.92,17.345,-0.03408705357142873,941650.9872509225,SL (-2.0%)
2025-03-12 09:30:00,2025-03-12 10:30:00,LONG,18.75,18.13,-0.03506666666666672,908630.4259646568,SL (-2.0%)
2025-03-12 10:45:00,2025-03-12 12:00:00,LONG,18.12,18.82,0.036631346578366406,941914.7820098167,TP (+3.5%)
2025-03-12 12:15:00,2025-03-12 13:45:00,LONG,18.78,18.26,-0.02968903088391904,913950.2449567073,SL (-2.0%)
2025-03-12 15:15:00,2025-03-13 09:45:00,LONG,18.455,18.36,-0.007147656461663445,907417.6425827036,Trailing SL
2025-03-13 10:15:00,2025-03-13 11:00:00,LONG,18.92,18.47,-0.025784355179704163,884020.4637900214,SL (-2.0%)
2025-03-13 12:30:00,2025-03-13 13:15:00,LONG,18.345,17.76,-0.033888798037612286,854062.072831525,SL (-2.0%)
2025-03-13 14:00:00,2025-03-13 15:30:00,LONG,18.285,18.01,-0.017039649986327513,839509.1540438784,TimeStop (90m)
2025-03-13 15:45:00,2025-03-14 09:30:00,LONG,18.115,19.37,0.06727960253933218,895990.9962560816,TP (+3.5%)
2025-03-14 15:30:00,2025-03-17 09:30:00,LONG,19.58,20.32,0.035793667007150254,928061.7996174768,TP (+3.5%)
2025-03-17 14:00:00,2025-03-17 15:30:00,LONG,20.82,21.02,0.00760614793467816,935120.7749578909,TimeStop (90m)
2025-03-17 15:45:00,2025-03-18 09:30:00,LONG,20.755,19.99,-0.038858588291977865,898783.3017605268,SL (-2.0%)
2025-03-18 15:45:00,2025-03-19 10:45:00,LONG,19.915,19.81,-0.007272407732864697,892246.9831266339,TimeStop (90m)
2025-03-19 15:00:00,2025-03-19 15:30:00,SHORT,21.21,20.83,0.015916077322018038,906448.0551004147,Trailing SL
2025-03-21 09:30:00,2025-03-21 11:00:00,SHORT,18.67,18.74,-0.005749330476700414,901236.58567168,TimeStop (90m)
2025-03-21 15:45:00,2025-03-24 09:30:00,LONG,19.25,20.79,0.07799999999999996,971533.0393540709,TP (+3.5%)
2025-03-24 14:30:00,2025-03-25 09:30:00,LONG,21.085,20.8,-0.015516718046004274,956458.0351100361,TimeStop (90m)
2025-03-25 15:30:00,2025-03-26 09:45:00,SHORT,20.57,19.72,0.039322314049586846,994068.1783418838,TP (+3.5%)
2025-03-26 13:15:00,2025-03-26 14:45:00,LONG,18.41,18.39,-0.003086366105377489,991000.1200098151,TimeStop (90m)
2025-03-26 15:00:00,2025-03-27 09:30:00,LONG,18.43,17.54,-0.05029083016820405,941161.9012777316,SL (-2.0%)
2025-03-27 09:45:00,2025-03-27 11:15:00,LONG,17.95,17.94,-0.0025571030640667417,938755.2532961915,TimeStop (90m)
2025-03-27 11:45:00,2025-03-27 13:15:00,LONG,17.57,17.41,-0.011106431417188397,928329.032457932,TimeStop (90m)
2025-03-27 15:45:00,2025-03-28 09:45:00,LONG,17.71,17.26,-0.027409373235460152,902884.1155219789,SL (-2.0%)
2025-03-31 09:30:00,2025-03-31 10:00:00,LONG,14.44,15.17,0.048554016620498644,946722.7658734174,TP (+3.5%)
2025-03-31 10:15:00,2025-03-31 11:45:00,LONG,14.74,14.94,0.01156852103120755,957674.948101147,Trailing SL
2025-03-31 12:00:00,2025-03-31 13:15:00,LONG,14.94,15.06,0.006032128514056292,963451.7664627853,Trailing SL
2025-03-31 13:30:00,2025-03-31 14:30:00,LONG,15.035,15.685,0.04123245759893584,1003177.2505720819,TP (+3.5%)
2025-03-31 14:45:00,2025-04-01 09:45:00,LONG,15.56,15.4,-0.012282776349614406,990855.4487642839,TimeStop (90m)
2025-04-01 10:00:00,2025-04-01 10:45:00,LONG,14.98,15.63,0.041391188251001354,1031868.1331736168,TP (+3.5%)
2025-04-01 11:00:00,2025-04-01 12:30:00,LONG,15.86,15.505,-0.024383354350567384,1006707.726839386,SL (-2.0%)
2025-04-01 12:45:00,2025-04-01 14:00:00,LONG,15.72,15.28,-0.029989821882951732,976516.7414232816,SL (-2.0%)
2025-04-01 14:30:00,2025-04-01 15:45:00,LONG,15.22,15.95,0.045963206307490054,1021400.5818720377,TP (+3.5%)
2025-04-02 09:30:00,2025-04-02 11:00:00,LONG,15.63,15.68,0.0011989763275751077,1022625.2169906737,TimeStop (90m)
2025-04-02 13:15:00,2025-04-02 14:15:00,SHORT,16.62,15.88,0.04252466907340555,1066112.0159293218,TP (+3.5%)
2025-04-02 15:45:00,2025-04-03 09:30:00,LONG,16.28,13.7,-0.16047665847665857,895025.92205117,SL (-2.0%)
2025-04-03 09:45:00,2025-04-03 10:00:00,LONG,13.57,13.29,-0.02263375092114968,874768.1282634914,SL (-2.0%)
2025-04-03 10:15:00,2025-04-03 10:30:00,LONG,13.29,12.96,-0.02683069977426624,851297.4872419569,SL (-2.0%)
2025-04-03 10:45:00,2025-04-03 11:00:00,LONG,12.55,12.205,-0.0294900398406375,826192.690426957,SL (-2.0%)
2025-04-03 11:15:00,2025-04-03 11:45:00,LONG,12.21,12.13,-0.008552006552006558,819127.0851252057,Trailing SL
2025-04-03 12:00:00,2025-04-03 12:45:00,LONG,12.27,11.72,-0.046824775876120536,780771.642950158,SL (-2.0%)
2025-04-03 13:00:00,2025-04-03 13:45:00,LONG,11.83,11.8,-0.004535925612848636,777230.1208571144,Trailing SL
2025-04-03 14:00:00,2025-04-03 14:45:00,LONG,11.585,12.11,0.04331722054380652,810897.5694155715,TP (+3.5%)
2025-04-03 15:00:00,2025-04-03 15:15:00,LONG,11.97,11.52,-0.039593984962406105,778790.9032460797,SL (-2.0%)
2025-04-03 15:30:00,2025-04-03 15:45:00,LONG,11.69,11.405,-0.026379811804961517,758246.5457830321,SL (-2.0%)
2025-04-04 09:30:00,2025-04-04 10:00:00,LONG,9.4,9.2,-0.023276595744680967,740597.1474620397,Trailing SL
2025-04-04 10:15:00,2025-04-04 11:00:00,LONG,8.92,9.54,0.06750672645739901,790592.4365108896,TP (+3.5%)
2025-04-04 11:15:00,2025-04-04 11:45:00,LONG,9.33,9.07,-0.029867095391211122,766979.7367940488,SL (-2.0%)
2025-04-04 12:00:00,2025-04-04 12:15:00,LONG,9.205,8.84,-0.04165236284627922,735033.2185013593,SL (-2.0%)
2025-04-04 12:30:00,2025-04-04 13:00:00,LONG,8.9,8.715,-0.02278651685393264,718284.3716797777,SL (-2.0%)
2025-04-04 13:15:00,2025-04-04 13:45:00,LONG,8.79,9.25,0.050332195676905674,754437.2012268276,TP (+3.5%)
2025-04-04 14:00:00,2025-04-04 14:30:00,LONG,9.0,8.74,-0.03088888888888887,731133.4743444878,SL (-2.0%)
2025-04-04 14:45:00,2025-04-04 15:30:00,LONG,8.91,9.28,0.039526374859708106,760032.5301239088,TP (+3.5%)
2025-04-04 15:45:00,2025-04-07 09:30:00,LONG,8.725,7.37,-0.15730085959885381,640478.7598123262,SL (-2.0%)
2025-04-07 09:45:00,2025-04-07 10:00:00,LONG,8.75,10.2,0.16371428571428562,745334.2824901727,TP (+3.5%)
2025-04-07 10:15:00,2025-04-07 10:45:00,LONG,8.83,9.47,0.07048018120045306,797865.5777749897,TP (+3.5%)
2025-04-07 11:00:00,2025-04-07 11:15:00,LONG,8.86,8.58,-0.03360270880361167,771055.1331005913,SL (-2.0%)
2025-04-07 11:30:00,2025-04-07 11:45:00,LONG,9.25,8.84,-0.04632432432432434,735336.5250429044,SL (-2.0%)
2025-04-07 12:00:00,2025-04-07 12:30:00,LONG,8.68,8.77,0.00836866359447003,741490.309049715,Trailing SL
2025-04-07 12:45:00,2025-04-07 13:00:00,LONG,8.65,9.04,0.043086705202311996,773438.6834061114,TP (+3.5%)
2025-04-07 13:15:00,2025-04-07 14:00:00,LONG,9.385,9.49,0.009188066062866321,780545.0891248231,Trailing SL
2025-04-07 14:15:00,2025-04-07 14:45:00,LONG,9.29,9.12,-0.02029924650161463,764700.6119550535,Trailing SL
2025-04-07 15:00:00,2025-04-08 09:30:00,LONG,9.07,10.48,0.15345755237045205,882049.6961618628,TP (+3.5%)
2025-04-08 09:45:00,2025-04-08 10:45:00,LONG,10.59,10.285,-0.030800755429650585,854881.8991935838,SL (-2.0%)
2025-04-08 11:00:00,2025-04-08 11:15:00,LONG,10.225,10.0,-0.024004889975550087,834360.5532613525,SL (-2.0%)
2025-04-08 11:30:00,2025-04-08 12:15:00,LONG,10.26,10.02,-0.025391812865497097,813174.6262305876,SL (-2.0%)
2025-04-08 12:30:00,2025-04-08 13:00:00,LONG,9.47,9.23,-0.02734318901795145,790939.8387209626,SL (-2.0%)
2025-04-08 13:15:00,2025-04-08 13:30:00,LONG,9.07,9.49,0.04430650496141123,825983.6186094309,TP (+3.5%)
2025-04-08 13:45:00,2025-04-08 14:00:00,LONG,9.38,9.18,-0.023321961620469192,806720.0603570854,SL (-2.0%)
2025-04-08 14:15:00,2025-04-08 14:30:00,LONG,9.04,8.82,-0.026336283185840588,785474.0523958228,SL (-2.0%)
2025-04-08 14:45:00,2025-04-08 15:00:00,LONG,8.75,8.16,-0.06942857142857141,730939.71104377,SL (-2.0%)
2025-04-08 15:15:00,2025-04-08 15:30:00,LONG,8.22,7.72,-0.06282725060827261,685016.7786384847,SL (-2.0%)
2025-04-08 15:45:00,2025-04-09 09:45:00,LONG,8.255,8.625,0.04282132041187149,714350.1016040712,TP (+3.5%)
2025-04-09 10:00:00,2025-04-09 10:30:00,LONG,8.49,8.67,0.019201413427561806,728066.6332369917,Trailing SL
2025-04-09 10:45:00,2025-04-09 11:30:00,LONG,8.33,8.41,0.007603841536614654,733602.7365442223,Trailing SL
2025-04-09 11:45:00,2025-04-09 12:15:00,LONG,8.54,8.74,0.021419203747072728,749315.923027673,Trailing SL
2025-04-09 12:30:00,2025-04-09 13:15:00,LONG,8.78,10.53,0.19731662870159455,897168.4147919171,TP (+3.5%)
2025-04-09 14:30:00,2025-04-09 14:45:00,LONG,12.17,11.76,-0.03568940016433855,865149.0122216031,SL (-2.0%)
2025-04-09 15:00:00,2025-04-09 15:45:00,LONG,12.34,12.845,0.03892382495948142,898823.9209371851,TP (+3.5%)
2025-04-10 09:30:00,2025-04-10 09:45:00,LONG,10.53,10.125,-0.0404615384615384,862456.1222900343,SL (-2.0%)
2025-04-10 10:00:00,2025-04-10 10:15:00,SHORT,10.05,10.45,-0.04180099502487548,826404.5982130152,SL (-2.0%)
2025-04-10 10:30:00,2025-04-10 11:00:00,LONG,10.325,10.0,-0.03347699757869243,798739.0534796179,SL (-2.0%)
2025-04-10 11:15:00,2025-04-10 12:00:00,SHORT,9.54,8.93,0.06194129979035634,848213.9886454644,TP (+3.5%)
2025-04-10 12:15:00,2025-04-10 12:30:00,SHORT,8.575,9.19,-0.07372011661807583,785683.5544854375,SL (-2.0%)
2025-04-10 12:45:00,2025-04-10 13:00:00,SHORT,9.415,8.83,0.06013489113117357,832930.5494979728,TP (+3.5%)
2025-04-10 13:15:00,2025-04-10 13:30:00,LONG,9.07,9.43,0.037691289966923856,864324.7763614103,TP (+3.5%)
2025-04-10 13:45:00,2025-04-10 14:00:00,LONG,9.46,9.09,-0.04111205073995782,828790.6122998373,SL (-2.0%)
2025-04-10 14:15:00,2025-04-10 15:00:00,LONG,9.76,9.43,-0.03581147540983608,799110.3976675586,SL (-2.0%)
2025-04-10 15:15:00,2025-04-10 15:30:00,LONG,9.16,8.87,-0.03365938864628831,772212.8302211763,SL (-2.0%)
2025-04-10 15:45:00,2025-04-11 09:30:00,LONG,9.635,9.4,-0.026390243902438965,751833.9452870467,SL (-2.0%)
2025-04-11 09:45:00,2025-04-11 10:15:00,LONG,9.615,9.08,-0.057642225689027576,708496.5633321388,SL (-2.0%)
2025-04-11 10:30:00,2025-04-11 10:45:00,LONG,9.52,9.23,-0.032462184873949494,685497.2169106931,SL (-2.0%)
2025-04-11 11:00:00,2025-04-11 11:45:00,LONG,9.22,9.61,0.040299349240780775,713122.3086585604,TP (+3.5%)
2025-04-11 12:30:00,2025-04-11 13:30:00,SHORT,10.03,10.15,-0.013964107676969192,703164.1919536034,Trailing SL
2025-04-11 13:45:00,2025-04-11 15:15:00,SHORT,10.225,10.28,-0.007378973105134447,697975.5622926842,TimeStop (90m)
2025-04-14 11:00:00,2025-04-14 11:15:00,LONG,10.69,10.43,-0.026321796071094465,679603.5918794087,SL (-2.0%)
2025-04-14 13:15:00,2025-04-14 14:30:00,LONG,10.35,10.795,0.04099516908212563,707464.0560373248,TP (+3.5%)
2025-04-16 13:45:00,2025-04-16 14:45:00,LONG,8.85,8.605,-0.029683615819208954,686463.9647920135,SL (-2.0%)
2025-04-16 15:00:00,2025-04-16 15:30:00,LONG,8.485,8.85,0.041017088980553944,714620.7183178314,TP (+3.5%)
2025-04-17 12:30:00,2025-04-17 14:00:00,LONG,9.11,9.3,0.018856201975850855,728095.7509185601,TimeStop (90m)
2025-04-21 13:15:00,2025-04-21 14:45:00,LONG,8.24,8.28,0.0028543689320387313,730174.0048095315,TimeStop (90m)
2025-04-21 15:45:00,2025-04-22 09:30:00,SHORT,8.7,9.27,-0.06751724137931038,680874.6702779087,SL (-2.0%)
2025-04-22 09:45:00,2025-04-22 11:15:00,SHORT,9.2,9.13,0.005608695652173751,684693.4890807716,TimeStop (90m)
2025-04-22 12:00:00,2025-04-22 13:30:00,SHORT,9.32,9.03,0.02911587982832628,704628.9424280847,TimeStop (90m)
2025-04-22 15:30:00,2025-04-23 09:30:00,LONG,9.06,10.77,0.18674172185430452,836212.5644054828,TP (+3.5%)
2025-04-23 15:45:00,2025-04-24 09:30:00,LONG,10.245,11.11,0.08243142996583702,905142.7618448264,TP (+3.5%)
2025-04-24 09:45:00,2025-04-24 11:00:00,SHORT,11.485,11.73,-0.023332172398781104,884023.814879954,SL (-2.0%)
2025-04-24 15:45:00,2025-04-25 10:00:00,SHORT,12.03,12.02,-0.0011687448046550468,882990.6166391218,Trailing SL
2025-04-25 12:30:00,2025-04-25 13:15:00,SHORT,12.28,12.58,-0.02642996742671016,859653.2034032592,SL (-2.0%)
2025-04-25 13:30:00,2025-04-25 15:00:00,SHORT,12.3,12.28,-0.0003739837398372887,859331.7070832873,TimeStop (90m)
2025-04-28 10:45:00,2025-04-28 11:15:00,LONG,11.96,11.53,-0.03795317725752521,826717.3384813436,SL (-2.0%)
2025-04-28 13:15:00,2025-04-28 14:30:00,LONG,11.515,11.94,0.03490838037342587,855576.7017943566,TP (+3.5%)
2025-04-28 15:45:00,2025-04-29 10:00:00,SHORT,12.255,12.02,0.01717584659322735,870271.955973116,Trailing SL
2025-04-29 10:15:00,2025-04-29 11:45:00,SHORT,11.8,11.89,-0.009627118644067784,861893.744600358,TimeStop (90m)
2025-04-29 15:30:00,2025-04-30 09:30:00,SHORT,11.97,10.88,0.08906098579782788,938654.8511474471,TP (+3.5%)
2025-04-30 10:00:00,2025-04-30 10:30:00,SHORT,11.18,11.42,-0.023466905187835438,916627.5267514682,SL (-2.0%)
2025-04-30 11:30:00,2025-04-30 13:00:00,SHORT,11.58,11.28,0.0239067357512954,938541.098815879,TimeStop (90m)
2025-04-30 14:00:00,2025-04-30 15:30:00,SHORT,11.76,11.905,-0.014329931972789079,925091.8687161807,TimeStop (90m)
2025-04-30 15:45:00,2025-05-01 10:15:00,SHORT,12.11,12.465,-0.031314616019818366,896122.9720642773,SL (-2.0%)
2025-05-02 09:30:00,2025-05-02 11:00:00,SHORT,13.185,13.31,-0.011480470231323474,885835.0589598882,TimeStop (90m)
2025-05-05 11:15:00,2025-05-05 12:45:00,LONG,13.16,13.15,-0.002759878419452871,883390.26189747,TimeStop (90m)
2025-05-06 09:30:00,2025-05-06 11:00:00,SHORT,12.39,12.5,-0.010878127522195273,873780.6299766838,TimeStop (90m)
2025-05-06 12:30:00,2025-05-06 14:00:00,LONG,12.635,12.495,-0.013080332409972344,862351.2888831937,TimeStop (90m)
2025-05-06 14:45:00,2025-05-07 09:45:00,LONG,12.78,12.585,-0.017258215962441197,847468.6441041582,TimeStop (90m)
2025-05-07 15:30:00,2025-05-08 09:30:00,SHORT,13.24,13.7,-0.036743202416918364,816329.9321718478,SL (-2.0%)
2025-05-09 14:45:00,2025-05-12 09:30:00,LONG,14.1,16.57,0.17317730496453906,957699.7497872533,TP (+3.5%)
2025-05-12 09:45:00,2025-05-12 11:15:00,LONG,16.74,16.88,0.006363201911589043,963793.786665828,TimeStop (90m)
2025-05-12 15:30:00,2025-05-13 09:30:00,LONG,16.895,17.8,0.051566143829535435,1013492.9156910506,TP (+3.5%)
2025-05-13 15:45:00,2025-05-14 09:45:00,LONG,18.61,18.66,0.0006867275658248638,1014188.9092140238,Trailing SL
2025-05-19 09:30:00,2025-05-19 11:00:00,LONG,17.69,17.84,0.006479366873939999,1020760.2112363025,TimeStop (90m)
2025-05-20 15:30:00,2025-05-21 10:30:00,LONG,17.78,17.87,0.0030618672665916674,1023885.6435141261,TimeStop (90m)
2025-05-21 14:00:00,2025-05-21 15:15:00,LONG,17.3,16.745,-0.034080924855491315,988990.6738369048,SL (-2.0%)
2025-05-21 15:30:00,2025-05-22 09:30:00,LONG,17.145,16.78,-0.023289005540973955,965958.0645539457,SL (-2.0%)
2025-05-22 15:45:00,2025-05-23 09:30:00,SHORT,16.51,15.35,0.06826044821320423,1031894.7949955574,TP (+3.5%)
2025-05-23 15:45:00,2025-05-27 09:30:00,LONG,15.715,16.72,0.06195163856188349,1095822.368369011,TP (+3.5%)
2025-05-27 15:30:00,2025-05-28 10:30:00,LONG,17.16,17.12,-0.004331002331002282,1091076.3591372403,TimeStop (90m)
2025-05-28 15:15:00,2025-05-29 10:15:00,LONG,17.37,17.295,-0.006317789291882515,1084183.1685988568,TimeStop (90m)
2025-05-29 15:45:00,2025-05-30 09:30:00,SHORT,17.19,16.14,0.059082024432809806,1148238.9050556556,TP (+3.5%)
2025-05-30 13:15:00,2025-05-30 14:45:00,LONG,15.6,15.99,0.023000000000000034,1174648.3998719358,TimeStop (90m)
2025-06-02 13:30:00,2025-06-02 14:45:00,SHORT,16.675,17.05,-0.024488755622188906,1145882.7222654768,SL (-2.0%)
2025-06-02 15:00:00,2025-06-03 10:00:00,SHORT,17.05,17.45,-0.02546041055718467,1116708.0777062133,SL (-2.0%)
2025-06-03 15:45:00,2025-06-04 09:30:00,SHORT,18.31,18.93,-0.03586127799016937,1076661.4988977232,SL (-2.0%)
2025-06-04 14:45:00,2025-06-05 09:45:00,LONG,19.17,19.02,-0.0098247261345854,1066083.5945314008,TimeStop (90m)
2025-06-05 15:45:00,2025-06-06 09:30:00,LONG,18.84,19.62,0.03940127388535038,1108088.6462242114,TP (+3.5%)
2025-06-06 15:30:00,2025-06-09 09:30:00,LONG,19.24,20.19,0.04737629937629952,1160585.7856632082,TP (+3.5%)
2025-06-09 15:45:00,2025-06-10 10:00:00,LONG,20.57,21.34,0.03543315508021388,1201709.0017905044,TP (+3.5%)
2025-06-12 15:45:00,2025-06-13 09:30:00,LONG,21.73,20.9,-0.040196042337781956,1153405.0558768397,SL (-2.0%)
2025-06-13 14:30:00,2025-06-16 09:30:00,LONG,20.0,21.03,0.04950000000000006,1210498.6061427433,TP (+3.5%)
2025-06-16 15:15:00,2025-06-17 10:15:00,LONG,21.965,22.29,0.0127962667880719,1225988.469253535,Trailing SL
2025-06-17 15:45:00,2025-06-18 10:00:00,LONG,21.39,22.16,0.0339981299672744,1267669.7845695964,TP (+3.5%)
2025-06-18 15:45:00,2025-06-20 10:00:00,LONG,21.6,21.93,0.013277777777777697,1284501.622264715,Trailing SL
2025-06-20 15:45:00,2025-06-23 10:30:00,LONG,21.21,21.65,0.01874493163602064,1308579.5173604246,Trailing SL
2025-06-24 15:30:00,2025-06-25 09:45:00,LONG,23.87,24.17,0.010568077084206146,1322408.6865707028,Trailing SL
2025-06-26 15:30:00,2025-06-27 10:30:00,LONG,25.06,25.63,0.02074541101356745,1349842.5983015238,TimeStop (90m)
2025-06-27 14:30:00,2025-06-30 09:30:00,LONG,24.49,24.83,0.011883217639852997,1365883.0716766855,Trailing SL
2025-06-30 15:30:00,2025-07-01 09:30:00,LONG,25.0,24.42,-0.02519999999999993,1331462.8182704332,SL (-2.0%)
2025-07-01 15:00:00,2025-07-02 10:00:00,LONG,24.74,24.935,0.0058819725141471425,1339294.445971109,TimeStop (90m)
2025-07-02 15:45:00,2025-07-03 10:45:00,LONG,26.085,26.44,0.011609354034885966,1354842.789351344,TimeStop (90m)
2025-07-07 14:15:00,2025-07-07 15:45:00,LONG,24.645,24.94,0.009969973625481911,1368350.5362278514,TimeStop (90m)
2025-07-08 11:00:00,2025-07-08 12:30:00,SHORT,26.925,26.66,0.007842154131847747,1379081.352039347,TimeStop (90m)
2025-07-08 15:30:00,2025-07-09 09:45:00,LONG,26.43,27.07,0.022214907302308004,1409717.5164372425,Trailing SL
2025-07-09 10:30:00,2025-07-09 12:00:00,LONG,26.3,26.24,-0.0042813688212928625,1403681.9958155376,TimeStop (90m)
2025-07-09 15:45:00,2025-07-10 09:45:00,LONG,26.63,26.83,0.00551032669921139,1411416.7421942824,Trailing SL
2025-07-11 15:00:00,2025-07-14 09:30:00,LONG,27.32,25.4,-0.07227818448023432,1309402.1025234729,SL (-2.0%)
2025-07-14 15:15:00,2025-07-15 09:30:00,SHORT,26.5,28.16,-0.06464150943396227,1224760.3741603517,SL (-2.0%)
2025-07-15 15:45:00,2025-07-16 09:30:00,LONG,27.255,25.94,-0.0502480278847917,1163218.5807273544,SL (-2.0%)
2025-07-16 15:30:00,2025-07-17 10:30:00,SHORT,26.93,27.11,-0.00868399554400296,1153117.1957556165,TimeStop (90m)
2025-07-17 15:30:00,2025-07-18 10:30:00,LONG,27.25,27.19,-0.004201834862385274,1148271.9877220746,TimeStop (90m)
2025-07-18 15:45:00,2025-07-21 10:15:00,LONG,27.335,28.3,0.033302725443570505,1186512.5744637258,TP (+3.5%)
2025-07-21 15:15:00,2025-07-22 09:30:00,SHORT,27.72,26.555,0.040027417027416995,1234005.6080900596,TP (+3.5%)
2025-07-22 15:00:00,2025-07-23 09:30:00,LONG,26.37,25.02,-0.05319453924914681,1168363.2483368455,SL (-2.0%)
2025-07-23 15:30:00,2025-07-24 10:30:00,LONG,25.49,25.56,0.000746174970576708,1169235.051749296,TimeStop (90m)
2025-07-24 14:45:00,2025-07-25 09:30:00,LONG,25.635,24.935,-0.029306417007996986,1134968.9617423643,SL (-2.0%)
2025-07-25 10:00:00,2025-07-25 11:30:00,LONG,25.275,25.22,-0.004176063303659732,1130229.2595104394,TimeStop (90m)
2025-07-25 15:00:00,2025-07-28 09:30:00,LONG,25.515,26.72,0.04522712130119531,1181346.275328478,TP (+3.5%)
2025-07-28 15:30:00,2025-07-29 09:45:00,LONG,26.93,27.98,0.03698997400668402,1225044.2433457715,TP (+3.5%)
2025-07-29 15:30:00,2025-07-30 10:30:00,LONG,27.145,28.02,0.030234297292319023,1262082.5951953316,TimeStop (90m)
2025-07-30 14:30:00,2025-07-30 14:45:00,LONG,27.97,27.2,-0.029529495888451898,1224813.9323896244,SL (-2.0%)
2025-07-30 15:00:00,2025-07-31 09:30:00,SHORT,27.46,26.15,0.04570575382374371,1280794.976463316,TP (+3.5%)
2025-07-31 15:45:00,2025-08-01 09:30:00,LONG,25.0,23.03,-0.08079999999999996,1177306.7423650802,SL (-2.0%)
2025-08-01 09:45:00,2025-08-01 10:15:00,SHORT,23.03,23.7,-0.031092488059053326,1140701.346536251,SL (-2.0%)
2025-08-01 15:30:00,2025-08-04 10:00:00,LONG,24.045,24.9,0.03355832813474721,1178981.3766270624,TP (+3.5%)
2025-08-04 14:30:00,2025-08-05 09:30:00,LONG,25.07,25.48,0.014354208216992426,1195904.7207911238,TimeStop (90m)
2025-08-05 10:15:00,2025-08-05 10:30:00,LONG,24.65,23.935,-0.031006085192697763,1158824.3971359248,SL (-2.0%)
2025-08-05 15:30:00,2025-08-06 09:30:00,LONG,24.655,23.52,-0.04803528696004873,1103159.934683195,SL (-2.0%)
2025-08-06 15:15:00,2025-08-07 09:30:00,SHORT,23.98,25.71,-0.07414345287739785,1021367.8480497783,SL (-2.0%)
2025-08-07 15:30:00,2025-08-08 10:30:00,LONG,25.0,25.65,0.023999999999999945,1045880.676402973,TimeStop (90m)
2025-08-08 15:30:00,2025-08-11 09:30:00,LONG,25.56,26.67,0.041427230046948475,1089208.615785977,TP (+3.5%)
2025-08-11 15:45:00,2025-08-12 10:00:00,LONG,25.61,26.73,0.041732916829363566,1134664.4683583996,TP (+3.5%)
2025-08-12 15:00:00,2025-08-13 09:30:00,SHORT,27.9,29.02,-0.04214336917562728,1086845.8847779047,SL (-2.0%)
2025-08-13 15:30:00,2025-08-14 10:30:00,SHORT,29.05,28.76,0.007982788296041278,1095521.9453865103,Trailing SL
2025-08-14 15:00:00,2025-08-15 09:45:00,SHORT,28.92,27.6,0.04364315352697096,1143333.9778411798,TP (+3.5%)
2025-08-15 15:30:00,2025-08-18 10:30:00,SHORT,27.48,27.46,-0.0012721979621543097,1141879.4306845085,TimeStop (90m)
2025-08-18 14:30:00,2025-08-19 09:30:00,SHORT,27.385,27.53,-0.007294869454080685,1133549.5693053652,TimeStop (90m)
2025-08-19 15:30:00,2025-08-20 09:30:00,LONG,26.43,25.4,-0.040970866439651955,1087107.06129863,SL (-2.0%)
2025-08-20 09:45:00,2025-08-20 10:00:00,LONG,24.53,24.02,-0.022790868324500675,1062330.9474099379,SL (-2.0%)
2025-08-21 15:30:00,2025-08-22 10:00:00,LONG,25.27,28.0,0.10603324099722994,1174973.3407754714,TP (+3.5%)
2025-08-22 15:30:00,2025-08-25 10:30:00,SHORT,27.55,27.35,0.00525952813067148,1181153.146114069,TimeStop (90m)
2025-08-25 14:30:00,2025-08-26 09:30:00,SHORT,27.345,28.01,-0.026318888279393042,1150066.5084206392,SL (-2.0%)
2025-08-26 15:15:00,2025-08-27 10:15:00,LONG,27.98,27.59,-0.015938527519656916,1131736.141726741,TimeStop (90m)
2025-08-27 15:00:00,2025-08-28 09:30:00,SHORT,27.83,28.99,-0.04368163851958319,1082300.052684286,SL (-2.0%)
2025-08-28 15:00:00,2025-08-29 09:30:00,LONG,28.66,26.92,-0.06271179344033491,1014427.0753398853,SL (-2.0%)
2025-08-29 14:30:00,2025-09-02 09:30:00,LONG,25.745,24.32,-0.057350553505535085,956249.1210781417,SL (-2.0%)
2025-09-02 14:30:00,2025-09-03 09:30:00,LONG,24.6,25.175,0.02137398373983737,976687.9742432998,TimeStop (90m)
2025-09-03 11:15:00,2025-09-03 12:45:00,LONG,24.35,24.5,0.004160164271047169,980751.1566577082,TimeStop (90m)
2025-09-03 15:30:00,2025-09-04 10:30:00,LONG,24.59,24.64,3.334688897928869e-05,980783.8616576456,TimeStop (90m)
2025-09-04 15:30:00,2025-09-05 09:30:00,LONG,25.56,26.76,0.04494835680751185,1024868.4846224827,TP (+3.5%)
2025-09-05 14:30:00,2025-09-08 09:30:00,LONG,26.275,27.0,0.025592768791627078,1051097.7067912512,TimeStop (90m)
2025-09-08 15:30:00,2025-09-09 10:30:00,LONG,27.06,26.65,-0.017151515151515157,1033069.7885474983,TimeStop (90m)
2025-09-09 15:30:00,2025-09-10 09:30:00,SHORT,26.985,28.54,-0.05962460626273855,971473.4091634231,SL (-2.0%)
2025-09-10 15:30:00,2025-09-11 09:30:00,SHORT,28.45,29.24,-0.029768014059753926,942554.5750607692,SL (-2.0%)
2025-09-11 15:30:00,2025-09-12 10:30:00,SHORT,29.14,29.01,0.002461221688400789,944874.4108234101,TimeStop (90m)
2025-09-12 15:30:00,2025-09-15 10:30:00,SHORT,29.355,29.89,-0.020225174586952825,925764.1609017624,TimeStop (90m)
2025-09-15 14:15:00,2025-09-15 15:45:00,LONG,29.9,30.03,0.0023478260869566076,927937.6941490972,TimeStop (90m)
2025-09-16 10:45:00,2025-09-16 12:15:00,LONG,30.17,29.995,-0.007800464037122993,920699.3495371963,TimeStop (90m)
2025-09-16 15:30:00,2025-09-17 10:30:00,LONG,30.5,30.34,-0.007245901639344267,914028.0526110416,TimeStop (90m)
2025-09-17 14:00:00,2025-09-17 14:15:00,SHORT,29.755,30.53,-0.02804604268190227,888393.1828350563,SL (-2.0%)
2025-09-17 15:45:00,2025-09-18 09:30:00,LONG,30.45,32.72,0.07254844006568142,952844.7224147255,TP (+3.5%)
2025-09-18 15:30:00,2025-09-19 09:30:00,LONG,33.85,33.04,-0.025929098966026652,928138.3173079778,SL (-2.0%)
2025-09-19 15:30:00,2025-09-22 09:45:00,LONG,32.91,34.1,0.034159222120936035,959842.8002478529,TP (+3.5%)
2025-09-23 15:45:00,2025-09-24 10:45:00,LONG,34.32,34.17,-0.006370629370629329,953727.9975134068,TimeStop (90m)
2025-09-24 15:30:00,2025-09-25 09:30:00,LONG,34.065,31.43,-0.07935212094525167,878047.6581058502,SL (-2.0%)
2025-09-26 14:15:00,2025-09-26 15:45:00,LONG,34.15,34.0,-0.0063923865300146,872434.8380834635,TimeStop (90m)
2025-09-29 15:45:00,2025-09-30 10:45:00,LONG,34.01,34.65,0.016817994707439006,887107.4425729365,TimeStop (90m)
2025-09-30 15:15:00,2025-10-01 10:15:00,LONG,34.46,35.19,0.01918398142774222,904125.6952756676,TimeStop (90m)
2025-10-01 15:30:00,2025-10-02 09:30:00,SHORT,36.57,38.29,-0.04903308722996989,859793.6211923586,SL (-2.0%)
2025-10-02 14:30:00,2025-10-03 09:30:00,LONG,39.1,39.88,0.01794884910485936,875225.9271604609,TimeStop (90m)
2025-10-06 15:45:00,2025-10-07 09:30:00,SHORT,41.66,42.91,-0.032004800768122905,847214.4957345946,SL (-2.0%)
2025-10-07 15:45:00,2025-10-08 09:45:00,LONG,38.84,40.37,0.03739237899073104,878893.8612455438,TP (+3.5%)
2025-10-08 15:30:00,2025-10-09 10:30:00,SHORT,42.41,41.41,0.021579344494223066,897859.8146512194,TimeStop (90m)
2025-10-10 09:45:00,2025-10-10 11:00:00,SHORT,42.06,39.69,0.05434807417974333,946656.7664608945,TP (+3.5%)
2025-10-10 11:30:00,2025-10-10 13:00:00,SHORT,37.75,36.21,0.03879470198675494,983382.03359949,TP (+3.5%)
2025-10-10 15:45:00,2025-10-13 09:30:00,SHORT,34.2,37.95,-0.11164912280701754,873588.2921639258,SL (-2.0%)
2025-10-13 15:45:00,2025-10-14 09:30:00,LONG,39.14,36.24,-0.07609299948901375,807114.3386946878,SL (-2.0%)
2025-10-14 15:45:00,2025-10-15 09:30:00,SHORT,36.635,38.45,-0.05154278695236809,765513.4162891461,SL (-2.0%)
2025-10-15 15:30:00,2025-10-16 09:45:00,LONG,39.995,40.66,0.014627078384798079,776710.641033822,Trailing SL
2025-10-17 09:45:00,2025-10-17 10:45:00,LONG,40.08,39.2,-0.023956087824351185,758103.6927031076,SL (-2.0%)
2025-10-17 11:15:00,2025-10-17 11:45:00,SHORT,38.69,39.52,-0.02345257172395982,740324.2114757892,SL (-2.0%)
2025-10-17 15:30:00,2025-10-20 09:30:00,LONG,40.22,42.08,0.04424564893088014,773080.3366317777,TP (+3.5%)
2025-10-20 15:30:00,2025-10-21 09:30:00,LONG,42.3,41.26,-0.026586288416075632,752526.9998332884,SL (-2.0%)
2025-10-21 15:30:00,2025-10-22 09:30:00,LONG,41.62,40.47,-0.029630946660259457,730228.9124408232,SL (-2.0%)
2025-10-22 09:45:00,2025-10-22 10:15:00,SHORT,40.535,38.94,0.03734871099050201,757502.021048484,TP (+3.5%)
2025-10-22 12:30:00,2025-10-22 13:30:00,SHORT,37.685,36.265,0.03568077484410247,784530.2801054674,TP (+3.5%)
2025-10-22 13:45:00,2025-10-22 14:45:00,SHORT,36.52,37.44,-0.027191675794085282,763197.5870781966,SL (-2.0%)
2025-10-22 15:00:00,2025-10-23 09:30:00,SHORT,37.655,39.465,-0.05006798565927506,724985.8212331721,SL (-2.0%)
2025-10-23 15:30:00,2025-10-24 09:30:00,LONG,41.07,43.66,0.06106306306306297,769255.6761549598,TP (+3.5%)
2025-10-24 15:00:00,2025-10-27 09:30:00,LONG,43.65,45.72,0.04542268041237114,804197.3308883491,TP (+3.5%)
2025-10-28 15:30:00,2025-10-29 09:30:00,SHORT,47.2,49.745,-0.055919491525423616,759227.0250589697,SL (-2.0%)
2025-10-29 14:30:00,2025-10-30 09:30:00,LONG,48.35,48.39,-0.0011726990692864708,758336.6802333059,Trailing SL
2025-10-30 10:00:00,2025-10-30 11:15:00,SHORT,49.2,48.55,0.011211382113821253,766838.6825263283,Trailing SL
2025-10-30 15:45:00,2025-10-31 09:30:00,SHORT,47.32,49.06,-0.03877092138630604,737107.6402501215,SL (-2.0%)
2025-10-31 12:00:00,2025-10-31 13:30:00,SHORT,47.94,47.16,0.014270337922403028,747626.4153616758,TimeStop (90m)
2025-10-31 15:30:00,2025-11-03 10:30:00,LONG,48.42,48.71,0.003989260636100767,750608.8919909872,TimeStop (90m)
2025-11-03 14:15:00,2025-11-03 15:45:00,SHORT,48.82,48.56,0.0033256861941826713,753105.1816203124,TimeStop (90m)
2025-11-04 09:30:00,2025-11-04 09:45:00,SHORT,45.78,46.86,-0.025591087811271257,733832.4007863436,SL (-2.0%)
2025-11-04 10:00:00,2025-11-04 11:30:00,SHORT,46.09,45.75,0.005376871338685254,737778.1231895303,TimeStop (90m)
2025-11-04 14:30:00,2025-11-04 15:45:00,LONG,43.795,42.825,-0.024148647105833976,719961.7796502218,SL (-2.0%)
2025-11-05 09:30:00,2025-11-05 10:00:00,LONG,44.37,45.215,0.017044399368943114,732233.0957529552,Trailing SL
2025-11-05 15:30:00,2025-11-06 09:45:00,SHORT,47.825,45.415,0.048392054364872004,767667.3595303907,TP (+3.5%)
2025-11-06 10:00:00,2025-11-06 11:00:00,SHORT,44.35,43.27,0.0223517474633596,784826.0664864781,Trailing SL
2025-11-06 11:15:00,2025-11-06 12:45:00,SHORT,43.25,43.71,-0.012635838150289036,774909.1313342269,TimeStop (90m)
2025-11-06 15:30:00,2025-11-07 09:30:00,LONG,43.755,40.18,-0.08370494800594223,710045.4027865656,SL (-2.0%)
2025-11-07 09:45:00,2025-11-07 10:15:00,SHORT,41.02,39.45,0.03627401267674305,735801.5987283087,TP (+3.5%)
2025-11-07 10:30:00,2025-11-07 11:15:00,SHORT,38.32,37.92,0.008438413361169066,742010.5967701871,Trailing SL
2025-11-07 11:30:00,2025-11-07 13:00:00,SHORT,37.9,39.15,-0.03498153034300792,716053.9305644374,SL (-2.0%)
2025-11-07 15:45:00,2025-11-10 09:30:00,SHORT,41.735,45.33,-0.08813873247873485,652941.8447380719,SL (-2.0%)
2025-11-10 10:45:00,2025-11-10 12:15:00,SHORT,43.915,44.51,-0.015548901286576315,642789.3164483646,TimeStop (90m)
2025-11-10 15:00:00,2025-11-11 09:30:00,LONG,45.26,43.43,-0.04243305346884663,615513.8030143079,SL (-2.0%)
2025-11-11 10:30:00,2025-11-11 12:00:00,SHORT,42.4,42.48,-0.0038867924528301484,613121.4286101391,TimeStop (90m)
2025-11-11 15:30:00,2025-11-12 09:30:00,LONG,41.95,43.605,0.03745172824791404,636083.8857374189,TP (+3.5%)
2025-11-12 15:30:00,2025-11-13 09:30:00,LONG,43.58,40.45,-0.07382193666819632,589126.941408851,SL (-2.0%)
2025-11-13 10:45:00,2025-11-13 12:15:00,SHORT,40.12,39.95,0.002237288135593086,590444.9881252232,Trailing SL
2025-11-13 12:45:00,2025-11-13 14:15:00,SHORT,39.35,38.96,0.007911054637865325,595116.0306869356,Trailing SL
2025-11-13 14:30:00,2025-11-14 09:30:00,LONG,38.67,37.53,-0.031480217222653234,576381.6487682278,SL (-2.0%)
2025-11-14 10:00:00,2025-11-14 10:30:00,SHORT,38.22,39.45,-0.03418210361067515,556679.7115307404,SL (-2.0%)
2025-11-14 15:30:00,2025-11-17 09:45:00,SHORT,38.59,39.57,-0.02739518009847102,541429.3705761909,SL (-2.0%)
2025-11-17 10:00:00,2025-11-17 11:15:00,SHORT,39.1,38.335,0.017565217391304365,550939.6951723987,Trailing SL
2025-11-17 12:45:00,2025-11-17 14:15:00,SHORT,37.675,36.65,0.02520637027206367,564826.8851264921,TimeStop (90m)
2025-11-17 14:30:00,2025-11-17 15:45:00,SHORT,36.36,36.83,-0.014926292629262896,556396.113754219,Trailing SL
2025-11-18 09:30:00,2025-11-18 10:15:00,SHORT,34.7,34.015,0.017740634005763756,566266.9335705619,Trailing SL
2025-11-18 10:30:00,2025-11-18 11:30:00,SHORT,34.01,34.97,-0.03022699206115851,549150.387465028,SL (-2.0%)
2025-11-18 12:15:00,2025-11-18 12:30:00,SHORT,34.22,35.38,-0.035898305084745875,529436.819318402,SL (-2.0%)
2025-11-18 12:45:00,2025-11-18 14:15:00,LONG,35.58,34.94,-0.019987633501967417,518854.63021141844,TimeStop (90m)
2025-11-18 15:00:00,2025-11-19 09:45:00,SHORT,35.03,36.57,-0.045962318013131574,495006.8686950554,SL (-2.0%)
2025-11-19 11:30:00,2025-11-19 13:00:00,SHORT,35.38,35.285,0.0006851328434145268,495346.0141585142,TimeStop (90m)
2025-11-19 14:15:00,2025-11-19 15:00:00,SHORT,35.095,35.82,-0.022658213420715244,484122.35845261,SL (-2.0%)
2025-11-19 15:45:00,2025-11-20 09:30:00,LONG,35.95,38.25,0.061977746870653605,514127.1714392096,TP (+3.5%)
2025-11-20 11:00:00,2025-11-20 11:30:00,LONG,37.27,35.3,-0.05485752616045092,485923.4266821845,SL (-2.0%)
2025-11-20 11:45:00,2025-11-20 13:00:00,SHORT,34.09,34.64,-0.018133763567028366,477111.80615104956,Trailing SL
2025-11-20 13:15:00,2025-11-20 13:30:00,SHORT,34.1,32.785,0.036563049853372574,494556.4689049831,TP (+3.5%)
2025-11-20 13:45:00,2025-11-20 15:15:00,SHORT,32.3,31.61,0.019362229102167117,504132.1845598802,TimeStop (90m)
2025-11-20 15:30:00,2025-11-21 10:00:00,LONG,30.71,29.44,-0.04335460761966785,482275.73150984064,SL (-2.0%)
2025-11-21 10:15:00,2025-11-21 11:15:00,LONG,28.935,30.32,0.04586590634180064,504395.7450421943,TP (+3.5%)
2025-11-21 11:30:00,2025-11-21 11:45:00,LONG,30.73,32.0,0.03932769280833061,524232.46595704276,TP (+3.5%)
2025-11-21 12:00:00,2025-11-21 13:30:00,SHORT,31.84,31.78,-0.00011557788944727642,524171.8762750477,Trailing SL
2025-11-21 14:30:00,2025-11-24 09:30:00,SHORT,32.53,33.76,-0.03981125115278195,503303.9380614369,Trailing SL
2025-11-24 14:45:00,2025-11-25 09:30:00,LONG,35.55,32.88,-0.07710548523206737,464496.4436979994,SL (-2.0%)
2025-11-25 09:45:00,2025-11-25 10:15:00,SHORT,33.735,33.38,0.008523195494293668,468455.43769404164,Trailing SL
2025-11-25 15:30:00,2025-11-26 09:30:00,SHORT,36.17,37.87,-0.04900027647221442,445500.9917321214,SL (-2.0%)
2025-11-26 15:45:00,2025-11-28 10:45:00,LONG,39.125,40.545,0.034293929712460106,460778.971429414,TP (+3.5%)
2025-11-28 12:45:00,2025-12-01 09:45:00,SHORT,41.3,40.775,0.010711864406779627,465714.77329286124,Trailing SL
2025-12-01 15:30:00,2025-12-02 09:30:00,LONG,41.53,44.055,0.05879942210450273,493098.53282801097,TP (+3.5%)
2025-12-02 11:15:00,2025-12-02 12:15:00,SHORT,42.44,43.465,-0.026151743638077422,480203.1464091808,SL (-2.0%)
2025-12-02 15:45:00,2025-12-03 10:45:00,LONG,43.795,44.625,0.016951935152414617,488343.5190070946,Trailing SL
2025-12-03 15:15:00,2025-12-04 10:15:00,SHORT,46.44,45.72,0.013503875968992224,494938.0493180276,Trailing SL
2025-12-04 14:15:00,2025-12-04 15:45:00,SHORT,45.18,45.2,-0.002442673749446727,493729.0771373561,TimeStop (90m)
2025-12-05 09:30:00,2025-12-05 10:00:00,SHORT,46.725,47.98,-0.02885928303905822,479480.40995563613,SL (-2.0%)
2025-12-05 15:30:00,2025-12-08 10:15:00,LONG,46.675,47.42,0.013961435457954035,486174.6447525851,Trailing SL
2025-12-09 15:30:00,2025-12-10 10:30:00,LONG,47.725,47.545,-0.0057716081718177,483368.63520000054,TimeStop (90m)
2025-12-10 14:30:00,2025-12-10 14:45:00,SHORT,48.3,49.75,-0.03202070393374747,467890.8312414017,SL (-2.0%)
2025-12-11 09:30:00,2025-12-11 09:45:00,SHORT,46.955,45.055,0.038464274305185786,485887.9125191524,TP (+3.5%)
2025-12-11 10:00:00,2025-12-11 11:30:00,SHORT,46.425,46.48,-0.0031847065158858313,484340.50211816246,TimeStop (90m)
2025-12-11 15:30:00,2025-12-12 09:45:00,SHORT,48.38,46.42,0.03851260851591568,502993.7182646413,TP (+3.5%)
2025-12-12 10:15:00,2025-12-12 11:30:00,SHORT,43.89,42.28,0.03468261562998404,520438.8560595103,TP (+3.5%)
2025-12-12 11:45:00,2025-12-12 12:30:00,SHORT,42.345,43.215,-0.022545518951470174,508705.2919671392,SL (-2.0%)
2025-12-12 15:30:00,2025-12-15 09:30:00,LONG,41.405,42.92,0.034589783842531106,526301.2980558341,TP (+3.5%)
2025-12-15 15:30:00,2025-12-16 10:15:00,LONG,41.235,39.745,-0.038134351885534185,506231.13915795955,SL (-2.0%)
2025-12-16 11:30:00,2025-12-16 13:00:00,SHORT,40.0,39.69,0.005750000000000057,509141.9682081179,TimeStop (90m)
2025-12-16 15:30:00,2025-12-17 10:30:00,LONG,40.625,38.045,-0.06550769230769227,475789.25281380763,SL (-2.0%)
2025-12-17 10:45:00,2025-12-17 12:15:00,SHORT,37.175,37.04,0.0016314727639542169,476565.49002115545,TimeStop (90m)
2025-12-17 12:30:00,2025-12-17 14:00:00,SHORT,36.695,36.2,0.011489576236544419,482041.0255504596,TimeStop (90m)
2025-12-17 15:45:00,2025-12-18 09:30:00,LONG,36.015,39.7,0.10031847841177294,530398.6477657324,TP (+3.5%)
2025-12-18 09:45:00,2025-12-18 10:15:00,SHORT,39.875,39.23,0.014175548589341771,537917.3395688566,Trailing SL
2025-12-18 12:15:00,2025-12-18 13:00:00,SHORT,38.545,39.48,-0.02625736152548956,523793.04951296764,SL (-2.0%)
2025-12-18 15:30:00,2025-12-19 09:30:00,SHORT,39.22,41.73,-0.06599796022437528,489223.77666540653,SL (-2.0%)
2025-12-19 09:45:00,2025-12-19 11:15:00,SHORT,41.89,41.61,0.004684172833611867,491515.38538961957,TimeStop (90m)
2025-12-19 15:30:00,2025-12-22 09:45:00,LONG,42.145,43.78,0.036794637560801945,509600.5158505885,TP (+3.5%)
2025-12-22 15:30:00,2025-12-23 10:30:00,LONG,43.185,43.17,-0.002347342827370628,508404.3087348823,TimeStop (90m)
2025-12-23 15:15:00,2025-12-24 10:15:00,LONG,43.72,43.985,0.004061299176578238,510469.0907353161,TimeStop (90m)
2025-12-24 12:45:00,2025-12-26 10:45:00,LONG,44.19,44.54,0.005920343969223838,513491.24333812617,TimeStop (90m)
2025-12-26 15:30:00,2025-12-29 09:45:00,LONG,44.405,43.185,-0.029474383515369865,498356.4055001941,SL (-2.0%)
2025-12-29 15:30:00,2025-12-30 10:30:00,LONG,43.745,44.1,0.006115213167219202,501403.96115307696,TimeStop (90m)
2025-12-31 09:30:00,2025-12-31 11:00:00,SHORT,43.41,43.155,0.003874222529371008,503346.5116756921,TimeStop (90m)
2025-12-31 14:30:00,2026-01-02 09:30:00,SHORT,42.715,46.96,-0.10137960903663812,452317.4391120548,SL (-2.0%)
2026-01-02 15:30:00,2026-01-05 09:30:00,LONG,47.65,49.99,0.047108079748163764,473625.2451052307,TP (+3.5%)
2026-01-05 15:30:00,2026-01-06 09:30:00,LONG,49.12,51.9,0.05459609120521175,499483.3321840866,TP (+3.5%)
2026-01-06 15:45:00,2026-01-07 09:30:00,SHORT,53.97,51.945,0.035520844913841,517225.4021636461,TP (+3.5%)
2026-01-07 09:45:00,2026-01-07 10:15:00,SHORT,51.24,52.505,-0.02668774395003904,503421.82306624675,SL (-2.0%)
2026-01-07 10:30:00,2026-01-07 12:00:00,SHORT,51.83,51.79,-0.001228246189465577,502803.4971303718,TimeStop (90m)
2026-01-07 15:30:00,2026-01-08 09:30:00,LONG,51.77,49.845,-0.039183697121885346,483101.7971869906,SL (-2.0%)
2026-01-08 09:45:00,2026-01-08 11:15:00,SHORT,48.54,48.4,0.0008842192006592617,483528.96507193637,TimeStop (90m)
2026-01-08 15:45:00,2026-01-09 09:30:00,LONG,49.65,51.91,0.04351863041289019,504571.4833968293,TP (+3.5%)
2026-01-09 15:30:00,2026-01-12 10:30:00,LONG,54.435,54.16,-0.007051896757600913,501013.29738908535,TimeStop (90m)
2026-01-12 14:45:00,2026-01-13 09:45:00,LONG,55.055,56.135,0.01761674688947413,509839.5218374497,Trailing SL
2026-01-13 15:30:00,2026-01-14 09:30:00,SHORT,55.89,53.925,0.03315834675254971,526744.95749069,TP (+3.5%)
2026-01-14 09:45:00,2026-01-14 11:15:00,SHORT,54.24,54.33,-0.003659292035398162,524817.4438630582,TimeStop (90m)
2026-01-14 15:45:00,2026-01-15 09:30:00,SHORT,55.43,61.5,-0.1115074869204402,466296.3696058794,SL (-2.0%)
2026-01-15 15:30:00,2026-01-16 09:30:00,LONG,59.01,61.83,0.045788510421962386,487647.38578530145,TP (+3.5%)
2026-01-16 15:30:00,2026-01-20 09:30:00,LONG,60.885,59.3,-0.028032684569269953,473977.320438553,SL (-2.0%)
2026-01-20 09:45:00,2026-01-20 11:15:00,SHORT,60.27,60.96,-0.013448481831757056,467603.0450559702,TimeStop (90m)
2026-01-20 12:45:00,2026-01-20 14:15:00,SHORT,59.35,57.83,0.023610783487784386,478643.5193110154,TimeStop (90m)
2026-01-20 15:45:00,2026-01-21 09:30:00,LONG,57.99,61.04,0.050595275047421916,502860.6198202222,TP (+3.5%)
2026-01-21 14:45:00,2026-01-22 09:30:00,SHORT,64.995,64.34,0.008077698284483438,506922.5761862783,Trailing SL
2026-01-22 14:30:00,2026-01-23 09:30:00,SHORT,63.94,61.08,0.042729433844228955,528583.090869576,TP (+3.5%)
2026-01-23 15:30:00,2026-01-26 10:30:00,LONG,60.89,60.48,-0.008733453769091865,523966.73488234286,TimeStop (90m)
2026-01-26 15:30:00,2026-01-27 09:30:00,LONG,60.99,63.48,0.03882636497786514,544310.4585671449,TP (+3.5%)
2026-01-27 15:15:00,2026-01-28 09:30:00,LONG,65.56,70.77,0.07746918852959112,586477.7481005113,TP (+3.5%)
2026-01-28 14:30:00,2026-01-29 09:30:00,SHORT,69.92,70.56,-0.011153318077803212,579936.5752303925,TimeStop (90m)
2026-01-29 09:45:00,2026-01-29 10:00:00,SHORT,69.19,66.51,0.03673392108686216,601239.9196202909,TP (+3.5%)
2026-01-29 10:15:00,2026-01-29 10:45:00,SHORT,66.77,63.655,0.04465268833308365,628086.8983645039,TP (+3.5%)
2026-01-29 15:45:00,2026-01-30 09:45:00,SHORT,70.48,67.5,0.04028149829738938,653387.1796915862,TP (+3.5%)
2026-01-30 10:15:00,2026-01-30 11:45:00,SHORT,66.48,65.81,0.00807821901323709,658665.3844295761,TimeStop (90m)
2026-01-30 13:00:00,2026-01-30 14:30:00,SHORT,63.875,63.15,0.009350293542074386,664824.099119996,TimeStop (90m)
2026-01-30 15:00:00,2026-01-30 15:15:00,LONG,62.1,60.645,-0.025429951690821226,647917.6543964808,SL (-2.0%)
2026-01-30 15:30:00,2026-02-02 10:00:00,LONG,61.105,65.015,0.0619882170035186,688080.9145576207,TP (+3.5%)
2026-02-02 15:00:00,2026-02-03 09:45:00,SHORT,65.41,61.41,0.059152728940528976,728782.7783855988,TP (+3.5%)
2026-02-03 10:00:00,2026-02-03 10:45:00,SHORT,60.975,63.435,-0.04234440344403446,697922.9063945747,SL (-2.0%)
2026-02-03 12:30:00,2026-02-03 14:00:00,SHORT,59.04,58.44,0.008162601626016284,703619.7730451451,Trailing SL
2026-02-03 14:30:00,2026-02-03 15:30:00,SHORT,58.28,60.12,-0.033571722717913456,679998.0451256323,SL (-2.0%)
2026-02-03 15:45:00,2026-02-04 09:30:00,LONG,61.245,59.99,-0.022491468691321667,664703.8903835292,SL (-2.0%)
2026-02-04 10:00:00,2026-02-04 10:15:00,LONG,57.78,56.47,-0.02467220491519561,648304.1797920591,SL (-2.0%)
2026-02-04 10:30:00,2026-02-04 10:45:00,LONG,56.25,54.7,-0.0295555555555555,629143.189589316,SL (-2.0%)
2026-02-04 11:00:00,2026-02-04 11:45:00,SHORT,54.165,53.115,0.01738521185267234,640080.9772259922,Trailing SL
2026-02-04 12:00:00,2026-02-04 12:15:00,SHORT,52.73,50.88,0.03308439218661093,661257.6673077261,TP (+3.5%)
2026-02-04 12:30:00,2026-02-04 13:15:00,SHORT,50.21,51.42,-0.026098785102569223,643999.6455512355,SL (-2.0%)
2026-02-04 13:30:00,2026-02-04 14:15:00,SHORT,50.75,51.96,-0.02584236453201972,627357.171952409,SL (-2.0%)
2026-02-04 15:00:00,2026-02-05 10:00:00,LONG,53.94,50.61,-0.06373526140155726,587372.3986058804,SL (-2.0%)
2026-02-05 10:15:00,2026-02-05 11:00:00,LONG,50.49,50.755,0.003248564072093495,589280.5154769309,Trailing SL
2026-02-05 11:30:00,2026-02-05 13:00:00,SHORT,53.59,54.15,-0.012449710766934038,581944.1434986533,TimeStop (90m)
2026-02-05 13:15:00,2026-02-05 14:45:00,SHORT,53.5,53.525,-0.0024672897196261418,580508.3186960025,TimeStop (90m)
2026-02-05 15:00:00,2026-02-06 09:30:00,SHORT,53.8,58.93,-0.09735315985130116,523993.9995509805,SL (-2.0%)
2026-02-06 09:45:00,2026-02-06 10:15:00,SHORT,58.86,58.575,0.002841997961263958,525483.189429419,Trailing SL
2026-02-06 10:30:00,2026-02-06 11:15:00,SHORT,59.27,60.475,-0.022330690062426155,513748.78719325544,SL (-2.0%)
2026-02-06 15:15:00,2026-02-09 10:00:00,SHORT,61.86,63.1,-0.02204526349822182,502423.05980768823,SL (-2.0%)
2026-02-09 14:15:00,2026-02-09 15:45:00,SHORT,64.77,63.985,0.010119808553342545,507507.4849857266,TimeStop (90m)
2026-02-10 09:30:00,2026-02-10 11:00:00,LONG,62.88,63.695,0.010961195928753144,513070.37396396394,TimeStop (90m)
2026-02-10 15:45:00,2026-02-11 09:30:00,LONG,63.265,68.69,0.08375041492136248,556040.2306673045,TP (+3.5%)
2026-02-11 10:15:00,2026-02-11 10:45:00,LONG,63.76,66.91,0.04740401505646171,582398.7701338558,TP (+3.5%)
2026-02-11 15:30:00,2026-02-12 09:30:00,SHORT,68.455,69.94,-0.023693083047257313,568599.9477064539,SL (-2.0%)
2026-02-12 11:15:00,2026-02-12 11:30:00,SHORT,63.28,64.69,-0.02428192161820475,554793.2483441305,SL (-2.0%)
2026-02-12 13:00:00,2026-02-12 14:30:00,SHORT,63.755,64.89,-0.019802525292133916,543806.9410118907,TimeStop (90m)
2026-02-12 15:45:00,2026-02-13 10:45:00,LONG,63.095,64.66,0.022803867184404435,556207.842268683,TimeStop (90m)
2026-02-13 15:30:00,2026-02-17 09:45:00,SHORT,64.195,59.79,0.06661905132798496,593261.8810618082,TP (+3.5%)
2026-02-17 10:30:00,2026-02-17 10:45:00,SHORT,61.15,62.84,-0.029636958299264188,575679.4034322364,SL (-2.0%)
2026-02-17 11:00:00,2026-02-17 12:30:00,SHORT,64.77,63.94,0.010814574648757114,581905.1313144063,TimeStop (90m)
2026-02-17 15:30:00,2026-02-18 09:45:00,SHORT,64.57,66.41,-0.03049620566826705,564159.2327504222,SL (-2.0%)
2026-02-18 10:15:00,2026-02-18 11:45:00,SHORT,68.04,67.81,0.0013803644914756608,564937.978122849,TimeStop (90m)
2026-02-18 13:30:00,2026-02-18 15:00:00,SHORT,67.22,65.27,0.0270092234454032,580196.5142067634,TimeStop (90m)
2026-02-18 15:30:00,2026-02-19 09:30:00,LONG,65.69,64.22,-0.024377835286953857,566052.5791493661,SL (-2.0%)
2026-02-19 09:45:00,2026-02-19 11:15:00,SHORT,64.34,64.67,-0.007129002175940291,562017.1890809137,TimeStop (90m)
2026-02-19 15:30:00,2026-02-20 09:45:00,LONG,64.34,65.87,0.021779919179359668,574257.8780365069,Trailing SL
2026-02-20 15:30:00,2026-02-23 10:30:00,SHORT,66.86,65.79,0.014003589590188352,582299.5496794627,TimeStop (90m)
2026-02-23 10:45:00,2026-02-23 12:15:00,SHORT,64.31,64.37,-0.0029329808738921205,580591.6762373768,TimeStop (90m)
2026-02-23 12:30:00,2026-02-23 13:15:00,SHORT,63.71,65.15,-0.02460241720295095,566307.7175940241,SL (-2.0%)
2026-02-23 15:45:00,2026-02-24 09:30:00,SHORT,65.85,68.435,-0.04125588458618084,542944.1917567016,SL (-2.0%)
2026-02-24 14:15:00,2026-02-24 15:45:00,SHORT,68.8,68.55,0.001633720930232558,543831.2110467227,TimeStop (90m)
2026-02-25 14:30:00,2026-02-26 09:30:00,LONG,71.95,68.21,-0.053980542043085604,514474.907494473,SL (-2.0%)
2026-02-26 09:45:00,2026-02-26 10:15:00,SHORT,65.42,62.09,0.048901864873127456,539633.6899013824,TP (+3.5%)
2026-02-26 15:30:00,2026-02-27 09:30:00,LONG,64.63,61.18,-0.05538078291814941,509748.353665634,SL (-2.0%)
2026-02-27 09:45:00,2026-02-27 10:00:00,SHORT,61.32,62.93,-0.02825570776255707,495345.0531520133,SL (-2.0%)
2026-02-27 15:15:00,2026-03-02 09:30:00,LONG,62.545,59.75,-0.04668782476616839,472218.4701116637,SL (-2.0%)
2026-03-02 09:45:00,2026-03-02 11:15:00,SHORT,60.39,60.305,-0.000592482199039562,471938.68907406484,TimeStop (90m)
2026-03-02 15:15:00,2026-03-03 09:30:00,LONG,61.84,53.53,-0.13637904269081505,407576.14244938566,SL (-2.0%)
2026-03-03 09:45:00,2026-03-03 10:15:00,SHORT,53.505,51.53,0.03491243808989816,421805.6192895694,TP (+3.5%)
2026-03-03 10:30:00,2026-03-03 11:00:00,SHORT,52.09,54.03,-0.039243232866193085,405252.60314752,SL (-2.0%)
2026-03-03 11:15:00,2026-03-03 12:15:00,SHORT,54.26,55.37,-0.02245705860670843,396151.82168811496,SL (-2.0%)
2026-03-03 15:30:00,2026-03-04 10:15:00,LONG,53.84,56.73,0.051677563150074164,416623.98247041943,TP (+3.5%)
2026-03-04 11:00:00,2026-03-04 12:30:00,SHORT,56.6,57.125,-0.011275618374558278,411926.2894383943,TimeStop (90m)
2026-03-04 15:15:00,2026-03-05 09:30:00,LONG,56.865,55.3,-0.0295213224303175,399765.6806303592,SL (-2.0%)
2026-03-05 09:45:00,2026-03-05 10:45:00,SHORT,57.23,56.62,0.008658745413244791,403227.14988389,Trailing SL
2026-03-05 11:00:00,2026-03-05 12:30:00,SHORT,55.9,52.135,0.06535241502683364,429579.0179331892,TP (+3.5%)
2026-03-05 12:45:00,2026-03-05 14:15:00,SHORT,51.48,51.935,-0.010838383838383944,424923.07564791327,TimeStop (90m)
2026-03-05 14:30:00,2026-03-05 15:15:00,SHORT,51.925,53.18,-0.0261694752046221,413803.06175587344,SL (-2.0%)
2026-03-05 15:45:00,2026-03-06 09:30:00,SHORT,54.755,50.88,0.06876979271299424,442260.2125368272,TP (+3.5%)
2026-03-06 09:45:00,2026-03-06 10:00:00,SHORT,51.355,52.42,-0.0227380001947231,432204.0997380466,SL (-2.0%)
2026-03-06 15:00:00,2026-03-06 15:30:00,SHORT,49.265,48.045,0.022764031259514844,442042.8073749739,Trailing SL
2026-03-06 15:45:00,2026-03-09 09:30:00,SHORT,47.89,45.24,0.05333514303612442,465619.2237344081,TP (+3.5%)
2026-03-09 09:45:00,2026-03-09 10:15:00,SHORT,45.3,46.5,-0.02849006622516563,452353.7012145046,SL (-2.0%)
2026-03-09 10:30:00,2026-03-09 11:15:00,SHORT,47.48,48.62,-0.026010109519797826,440587.9319042294,SL (-2.0%)
2026-03-09 12:15:00,2026-03-09 13:45:00,SHORT,49.84,49.45,0.005825040128410926,443154.3742876651,TimeStop (90m)
2026-03-09 14:15:00,2026-03-09 15:15:00,SHORT,49.88,52.84,-0.061342421812349654,415970.21173212334,SL (-2.0%)
2026-03-09 15:30:00,2026-03-10 09:30:00,SHORT,52.9,55.33,-0.04793572778827977,396030.3768944992,SL (-2.0%)
2026-03-10 09:45:00,2026-03-10 10:45:00,SHORT,54.99,56.67,-0.032551009274413525,383139.18842325686,SL (-2.0%)
2026-03-10 14:15:00,2026-03-10 15:45:00,SHORT,55.89,54.59,0.021259974950796158,391284.7179718037,TimeStop (90m)
2026-03-11 09:30:00,2026-03-11 10:00:00,SHORT,56.14,57.565,-0.0273829711435696,380570.17983066203,SL (-2.0%)
2026-03-11 15:45:00,2026-03-12 09:30:00,LONG,56.11,52.65,-0.06366458741757264,356341.3363483115,SL (-2.0%)
2026-03-12 09:45:00,2026-03-12 10:00:00,SHORT,50.81,51.925,-0.02394449911434747,347808.92153571395,SL (-2.0%)
2026-03-12 10:45:00,2026-03-12 11:30:00,SHORT,50.29,51.665,-0.029341419765360907,337603.7139707971,SL (-2.0%)
2026-03-12 15:45:00,2026-03-13 09:30:00,LONG,50.33,53.5,0.060984303596264694,358192.24135881866,TP (+3.5%)
2026-03-13 09:45:00,2026-03-13 10:45:00,SHORT,53.34,50.92,0.04336932883389579,373726.79846005945,TP (+3.5%)
2026-03-13 15:45:00,2026-03-16 09:30:00,LONG,50.7,54.78,0.07847337278106505,403054.4008338897,TP (+3.5%)
2026-03-16 15:00:00,2026-03-17 10:00:00,LONG,54.57,54.905,0.004138904159794774,404722.6043701247,TimeStop (90m)
2026-03-17 15:45:00,2026-03-18 10:45:00,SHORT,54.96,55.51,-0.012007278020378405,399862.987538321,TimeStop (90m)
2026-03-18 14:30:00,2026-03-18 15:15:00,LONG,55.63,54.43,-0.023571094733057754,390437.77917881176,SL (-2.0%)
2026-03-18 15:30:00,2026-03-19 09:30:00,SHORT,54.47,50.165,0.07703433082430695,420514.89222638,TP (+3.5%)
2026-03-19 15:00:00,2026-03-20 09:45:00,SHORT,55.8,52.8,0.05176344086021505,442282.1899809799,TP (+3.5%)
2026-03-20 10:15:00,2026-03-20 11:45:00,SHORT,51.73,52.51,-0.01707829112700563,434728.7659801951,TimeStop (90m)
2026-03-20 14:15:00,2026-03-20 15:30:00,SHORT,50.275,49.895,0.005558428642466345,437145.1748047235,Trailing SL
2026-03-20 15:45:00,2026-03-23 09:30:00,SHORT,51.115,54.7,-0.07213596791548471,405611.284500601,SL (-2.0%)
2026-03-23 15:45:00,2026-03-24 10:45:00,LONG,53.005,53.83,0.013564569380247065,411113.2269106205,TimeStop (90m)
2026-03-24 15:30:00,2026-03-25 09:45:00,LONG,55.18,56.15,0.015578832910474788,417517.8911799471,Trailing SL
2026-03-25 15:45:00,2026-03-26 09:30:00,LONG,57.08,53.95,-0.056835318850735735,393788.12870884803,SL (-2.0%)
2026-03-26 10:00:00,2026-03-26 11:30:00,SHORT,53.17,52.03,0.019440662027459102,401443.63062950235,TimeStop (90m)
2026-03-26 12:15:00,2026-03-26 13:30:00,LONG,51.58,50.39,-0.02507095773555637,391379.0543327818,SL (-2.0%)
2026-03-26 14:00:00,2026-03-26 15:30:00,SHORT,50.12,49.195,0.016455706304868263,397819.4731047592,TimeStop (90m)
2026-03-26 15:45:00,2026-03-27 09:45:00,SHORT,48.98,47.25,0.033320538995508305,411075.03237151884,TP (+3.5%)
2026-03-27 13:15:00,2026-03-27 14:45:00,LONG,46.705,46.39,-0.008744459907932722,407480.40323179396,TimeStop (90m)
2026-03-27 15:00:00,2026-03-30 09:45:00,LONG,46.24,43.54,-0.060391003460207676,382872.2527902559,SL (-2.0%)
2026-03-30 10:15:00,2026-03-30 10:30:00,LONG,43.6,42.06,-0.037321100917431176,368583.0388053865,SL (-2.0%)
2026-03-30 10:45:00,2026-03-30 12:15:00,SHORT,43.02,41.4,0.03565690376569048,381725.56874973595,TP (+3.5%)
2026-03-30 12:30:00,2026-03-30 13:15:00,LONG,41.615,40.67,-0.024708158116063923,372293.83304012305,SL (-2.0%)
2026-03-30 13:30:00,2026-03-30 15:00:00,LONG,41.11,39.75,-0.0350819751885186,359233.03002657095,SL (-2.0%)
2026-03-30 15:15:00,2026-03-31 09:30:00,LONG,39.62,43.08,0.08532963149924283,389886.2521010947,TP (+3.5%)
2026-03-31 09:45:00,2026-03-31 11:00:00,SHORT,44.71,44.55,0.0015786177588907112,390501.7334626088,Trailing SL
2026-03-31 11:45:00,2026-03-31 12:30:00,LONG,43.35,46.56,0.0720484429065744,418636.7753109079,TP (+3.5%)
2026-03-31 15:15:00,2026-04-01 09:30:00,SHORT,47.92,51.41,-0.07482971619365598,387310.30422616535,SL (-2.0%)
2026-04-01 14:15:00,2026-04-01 15:45:00,LONG,51.91,52.27,0.0049350799460606155,389221.71154145454,TimeStop (90m)
2026-04-02 10:30:00,2026-04-02 12:00:00,LONG,52.495,51.53,-0.02038270311458227,381288.3209493555,TimeStop (90m)
2026-04-02 15:45:00,2026-04-06 09:30:00,SHORT,52.745,54.96,-0.04399450184851651,364513.7312085313,SL (-2.0%)
2026-04-07 09:30:00,2026-04-07 10:00:00,LONG,54.54,53.23,-0.02601906857352406,355029.4234402254,SL (-2.0%)
2026-04-07 15:15:00,2026-04-08 09:30:00,LONG,54.78,66.35,0.2092084702446147,429304.5860099825,TP (+3.5%)
2026-04-08 14:15:00,2026-04-08 15:00:00,SHORT,67.32,66.8,0.0057243018419488425,431762.0550424365,Trailing SL
2026-04-08 15:15:00,2026-04-09 09:30:00,SHORT,66.58,70.32,-0.05817302493241206,406645.1502495834,SL (-2.0%)
2026-04-09 15:00:00,2026-04-10 09:30:00,SHORT,71.44,76.22,-0.06890929451287796,378623.51982880133,SL (-2.0%)
2026-04-10 11:30:00,2026-04-10 13:00:00,SHORT,76.87,76.47,0.0032035904774294997,379836.4745314557,TimeStop (90m)
2026-04-10 15:00:00,2026-04-13 10:00:00,SHORT,77.515,76.28,0.013932400180610196,385128.50829782017,TimeStop (90m)
2026-04-13 11:00:00,2026-04-13 12:30:00,SHORT,77.54,78.03,-0.008319319061129673,381924.50135775364,TimeStop (90m)
2026-04-13 12:45:00,2026-04-13 14:15:00,SHORT,78.64,78.19,0.003722278738555479,383346.13080889103,TimeStop (90m)
2026-04-13 14:45:00,2026-04-14 09:30:00,SHORT,79.1,81.79,-0.03600758533501912,369542.7622909405,SL (-2.0%)
2026-04-14 09:45:00,2026-04-14 11:15:00,SHORT,81.18,82.79,-0.021832471051983236,361474.7306307536,TimeStop (90m)
2026-04-14 12:00:00,2026-04-14 13:30:00,SHORT,83.05,84.5,-0.019459361830222795,354440.6630549275,TimeStop (90m)
2026-04-14 14:15:00,2026-04-14 15:45:00,SHORT,84.39,85.4,-0.013968242682782381,349489.74985672993,TimeStop (90m)
2026-04-15 09:30:00,2026-04-15 10:30:00,SHORT,83.0,85.45,-0.03151807228915666,338474.50665642624,SL (-2.0%)
2026-04-15 10:45:00,2026-04-15 12:15:00,SHORT,84.5,83.205,0.013325443786982269,342984.829668203,TimeStop (90m)
2026-04-15 12:30:00,2026-04-15 14:00:00,SHORT,81.47,82.19,-0.010837608935804577,339267.69421334553,TimeStop (90m)
2026-04-15 15:30:00,2026-04-16 10:30:00,SHORT,84.575,86.235,-0.021627549512267176,331930.1653588337,TimeStop (90m)
2026-04-16 15:15:00,2026-04-17 09:30:00,SHORT,88.13,92.22,-0.04840871439918307,315861.8527835043,SL (-2.0%)
2026-04-17 14:15:00,2026-04-17 15:45:00,SHORT,93.6,94.72,-0.013965811965812015,311450.5855403569,TimeStop (90m)
2026-04-20 09:30:00,2026-04-20 11:00:00,SHORT,95.22,92.99,0.021419449695442176,318121.6856899545,TimeStop (90m)
2026-04-20 11:15:00,2026-04-20 12:45:00,SHORT,94.47,93.95,0.0035043929289721183,319236.5090758391,TimeStop (90m)
2026-04-20 13:00:00,2026-04-20 14:30:00,SHORT,94.02,95.4,-0.016677728142948413,313912.3693641683,TimeStop (90m)
2026-04-20 14:45:00,2026-04-21 09:30:00,SHORT,95.79,98.39,-0.029142708007098804,304764.1128439718,SL (-2.0%)
2026-04-21 14:15:00,2026-04-21 15:45:00,SHORT,97.96,98.1,-0.003429154757043697,303719.02953663666,TimeStop (90m)
2026-04-22 09:30:00,2026-04-22 11:00:00,SHORT,101.91,102.5,-0.007789422039054101,301353.2338342839,TimeStop (90m)
2026-04-23 09:30:00,2026-04-23 11:00:00,SHORT,112.72,115.91,-0.030300212916962367,292222.16668588994,SL (-2.0%)
2026-04-23 13:45:00,2026-04-23 15:15:00,LONG,111.61,110.17,-0.01490206970701548,287867.45158800174,TimeStop (90m)
2026-04-23 15:30:00,2026-04-24 09:30:00,LONG,109.94,125.53,0.13980462070220123,328112.6514697716,TP (+3.5%)
2026-04-24 15:30:00,2026-04-27 09:30:00,LONG,127.56,122.95,-0.038139855754154905,315598.4822716012,SL (-2.0%)
2026-04-27 09:45:00,2026-04-27 10:15:00,LONG,124.11,120.04,-0.03479348964628147,304617.7097463021,SL (-2.0%)
2026-04-27 15:15:00,2026-04-28 09:30:00,SHORT,122.12,114.06,0.06400065509335082,324113.4427231016,TP (+3.5%)
2026-04-28 09:45:00,2026-04-28 10:15:00,LONG,111.89,109.57,-0.02273465010277958,316744.8370091846,SL (-2.0%)
2026-04-28 15:30:00,2026-04-29 09:30:00,SHORT,110.42,114.42,-0.038225321499728314,304637.16378112946,SL (-2.0%)
2026-04-29 15:30:00,2026-04-30 09:30:00,SHORT,117.2,121.4,-0.03783617747440276,293110.85798700794,SL (-2.0%)
2026-04-30 15:45:00,2026-05-01 10:45:00,SHORT,126.93,126.58,0.0007574253525565941,293332.8675819569,TimeStop (90m)
2026-05-01 15:30:00,2026-05-04 10:30:00,LONG,130.56,131.45,0.00481678921568617,294745.79017513193,TimeStop (90m)
2026-05-04 11:15:00,2026-05-04 12:45:00,LONG,127.55,126.61,-0.00936965895727164,291984.1226420994,TimeStop (90m)
2026-05-04 14:30:00,2026-05-05 09:30:00,LONG,126.86,138.49,0.0896758631562353,318168.0508679457,TP (+3.5%)
2026-05-05 15:45:00,2026-05-06 09:30:00,SHORT,144.245,161.07,-0.11864182467329883,280420.0127602257,SL (-2.0%)
2026-05-06 10:15:00,2026-05-06 10:30:00,SHORT,150.88,155.22,-0.030764581124072134,271793.0085288504,SL (-2.0%)
2026-05-06 15:15:00,2026-05-07 09:30:00,SHORT,164.51,153.81,0.06304163880615153,288927.2852025634,TP (+3.5%)
2026-05-07 09:45:00,2026-05-07 11:00:00,LONG,156.87,158.91,0.01100439854656717,292106.7561999101,Trailing SL
2026-05-07 11:45:00,2026-05-07 13:15:00,SHORT,154.98,149.43,0.033811072396438144,301983.198881274,TP (+3.5%)
2026-05-07 15:30:00,2026-05-08 09:30:00,LONG,152.46,166.16,0.08785963531418069,328515.3326059924,TP (+3.5%)
2026-05-08 13:00:00,2026-05-08 14:30:00,SHORT,175.33,175.11,-0.0007452232932185089,328270.515327955,TimeStop (90m)
2026-05-08 15:45:00,2026-05-11 09:30:00,SHORT,177.445,186.47,-0.05286083011637412,310917.8633849894,SL (-2.0%)
2026-05-11 09:45:00,2026-05-11 10:00:00,SHORT,179.55,185.99,-0.03786744639376217,299144.19786039524,SL (-2.0%)
2026-05-11 14:00:00,2026-05-11 15:30:00,SHORT,190.11,187.89,0.009677449897427947,302039.1508472955,TimeStop (90m)
2026-05-11 15:45:00,2026-05-12 09:30:00,SHORT,190.36,180.42,0.05021685227989087,317206.6062681378,TP (+3.5%)
2026-05-12 09:45:00,2026-05-12 10:00:00,SHORT,171.89,175.46,-0.022769096515213347,309984.0984347553,SL (-2.0%)
2026-05-12 10:15:00,2026-05-12 10:45:00,LONG,169.17,164.5,-0.029605367381923438,300806.90531804005,SL (-2.0%)
2026-05-12 11:00:00,2026-05-12 11:15:00,LONG,160.51,156.29,-0.028291196810167583,292296.71795782994,SL (-2.0%)
2026-05-12 11:30:00,2026-05-12 11:45:00,LONG,159.08,154.43,-0.031230575810912785,283168.1231483669,SL (-2.0%)
2026-05-12 12:00:00,2026-05-12 12:15:00,LONG,158.01,154.3,-0.0254795266122396,275953.13341887016,SL (-2.0%)
2026-05-12 12:30:00,2026-05-12 13:00:00,LONG,152.19,157.64,0.033810500032853595,285283.24684539496,TP (+3.5%)
2026-05-12 13:15:00,2026-05-12 14:45:00,LONG,159.03,161.28,0.012148273910582909,288748.9458701733,Trailing SL
2026-05-12 15:30:00,2026-05-13 09:30:00,LONG,170.18,179.06,0.05018004465859675,303238.3808690613,TP (+3.5%)
2026-05-13 10:45:00,2026-05-13 12:00:00,SHORT,183.7,183.14,0.001048448557430606,303556.31071204104,Trailing SL
2026-05-13 15:45:00,2026-05-14 10:45:00,LONG,184.355,186.75,0.010991239727699331,306892.770893933,TimeStop (90m)
2026-05-14 11:00:00,2026-05-14 12:30:00,SHORT,187.9,186.71,0.004333155934007438,308222.585125236,TimeStop (90m)
2026-05-14 13:00:00,2026-05-14 14:30:00,SHORT,184.7,185.835,-0.00814510016242566,305712.0812970692,TimeStop (90m)
2026-05-14 14:45:00,2026-05-15 09:30:00,SHORT,188.0,165.41,0.11815957446808513,341834.8907328836,TP (+3.5%)
2026-05-15 09:45:00,2026-05-15 10:00:00,SHORT,161.5,168.92,-0.047944272445820356,325445.865600099,SL (-2.0%)
2026-05-15 10:15:00,2026-05-15 11:45:00,SHORT,167.99,168.29,-0.003785820584558503,324213.7859429507,TimeStop (90m)
2026-05-15 13:00:00,2026-05-15 14:15:00,LONG,169.42,170.985,0.007237398182032973,326560.2502079243,Trailing SL
2026-05-15 14:30:00,2026-05-15 15:45:00,LONG,170.86,164.2,-0.04097928128292184,313178.0458588324,SL (-2.0%)
2026-05-18 09:30:00,2026-05-18 10:15:00,LONG,159.41,153.32,-0.040203374945110115,300587.2314565929,SL (-2.0%)
2026-05-18 10:30:00,2026-05-18 12:00:00,SHORT,151.94,151.44,0.00129077267342372,300975.2212409372,TimeStop (90m)
2026-05-18 12:15:00,2026-05-18 13:15:00,LONG,146.65,148.92,0.013479031708148528,305032.0757914108,Trailing SL
2026-05-18 13:30:00,2026-05-18 14:00:00,LONG,149.24,145.89,-0.02444706512999211,297574.9367678015,SL (-2.0%)
2026-05-18 14:15:00,2026-05-18 15:30:00,LONG,144.89,150.0,0.03326813444682182,307474.69977219723,TP (+3.5%)
2026-05-18 15:45:00,2026-05-19 09:30:00,LONG,151.665,147.98,-0.026296970296376898,299389.0467254004,SL (-2.0%)
2026-05-19 09:45:00,2026-05-19 10:00:00,LONG,144.17,137.39,-0.04902781438579456,284710.65611340746,SL (-2.0%)
2026-05-19 10:15:00,2026-05-19 10:45:00,SHORT,138.24,142.55,-0.03317766203703705,275264.62218653376,SL (-2.0%)
2026-05-19 11:45:00,2026-05-19 12:30:00,LONG,147.63,155.49,0.05124121113594807,289369.51481025096,TP (+3.5%)
2026-05-19 15:30:00,2026-05-20 09:30:00,LONG,152.65,166.15,0.08643760235833606,314381.92186604405,TP (+3.5%)
2026-05-20 09:45:00,2026-05-20 11:15:00,LONG,165.21,170.48,0.029898795472428914,323781.56264814606,TimeStop (90m)
2026-05-20 15:30:00,2026-05-21 10:15:00,LONG,171.5,171.03,-0.0047405247813411015,322246.66812667117,Trailing SL
2026-05-21 14:45:00,2026-05-22 09:30:00,LONG,174.03,187.03,0.07269976440843533,345673.92498088337,TP (+3.5%)
2026-05-22 14:00:00,2026-05-22 15:30:00,SHORT,193.89,190.44,0.015793594306049763,351133.35871421127,TimeStop (90m)
2026-05-22 15:45:00,2026-05-26 09:30:00,SHORT,190.41,216.25,-0.13770715823748755,302779.7817232929,SL (-2.0%)
2026-05-26 09:45:00,2026-05-26 10:30:00,SHORT,218.87,226.025,-0.03469063827843012,292276.15783750813,SL (-2.0%)
2026-05-26 15:00:00,2026-05-27 09:30:00,SHORT,225.78,215.985,0.041382939144299705,304371.40429062746,TP (+3.5%)
2026-05-27 09:45:00,2026-05-27 10:00:00,LONG,222.315,214.17,-0.03863720396734368,292611.3442612236,SL (-2.0%)
2026-05-27 10:15:00,2026-05-27 10:30:00,SHORT,206.23,211.54,-0.027747951316491305,284491.9789260101,SL (-2.0%)
2026-05-27 10:45:00,2026-05-27 12:00:00,SHORT,208.61,214.73,-0.03133704041033496,275576.84228598955,SL (-2.0%)
2026-05-27 13:00:00,2026-05-27 14:15:00,SHORT,209.55,216.2,-0.03373466952994501,266280.34858136595,SL (-2.0%)
2026-05-27 15:45:00,2026-05-28 09:30:00,LONG,217.925,212.83,-0.025379603074452216,259522.25902784412,SL (-2.0%)
2026-05-28 09:45:00,2026-05-28 10:00:00,LONG,210.01,218.05,0.036283891243274226,268938.73644961923,TP (+3.5%)
2026-05-28 10:15:00,2026-05-28 11:00:00,LONG,216.52,224.51,0.034901902826528636,278325.2100954733,TP (+3.5%)
2026-05-28 15:45:00,2026-05-29 09:30:00,LONG,224.48,233.52,0.03827084818246623,288976.95195639017,TP (+3.5%)
2026-05-29 10:30:00,2026-05-29 11:30:00,LONG,219.23,223.87,0.019164986543812504,294515.19135210634,Trailing SL
2026-05-29 13:30:00,2026-05-29 15:00:00,LONG,220.53,221.33,0.0016276243594976255,294994.5514517932,TimeStop (90m)
2026-05-29 15:15:00,2026-06-01 09:45:00,LONG,220.92,210.93,-0.04721998913633886,281064.91193696036,SL (-2.0%)
2026-06-01 10:00:00,2026-06-01 10:15:00,SHORT,214.0,220.51,-0.03242056074766351,271952.6298854714,SL (-2.0%)
2026-06-01 10:30:00,2026-06-01 11:15:00,SHORT,221.82,227.59,-0.02801208186818146,264334.67055285233,SL (-2.0%)
2026-06-01 11:30:00,2026-06-01 13:00:00,SHORT,229.255,229.53,-0.003199537632767031,263488.9218267734,TimeStop (90m)
2026-06-01 15:45:00,2026-06-02 09:30:00,SHORT,227.0,248.89,-0.09843171806167395,237553.25456114596,SL (-2.0%)
2026-06-02 10:00:00,2026-06-02 11:00:00,SHORT,252.45,258.82,-0.027232719350366426,231084.03344891613,SL (-2.0%)
2026-06-02 14:45:00,2026-06-03 09:45:00,LONG,260.08,264.39,0.014571824054137197,234451.3493260541,Trailing SL
2026-06-03 10:00:00,2026-06-03 11:30:00,SHORT,278.49,274.56,0.012111817300441691,237290.9812349333,TimeStop (90m)
2026-06-03 15:45:00,2026-06-04 09:30:00,LONG,280.34,235.63,-0.16148491117928224,198972.06820656537,SL (-2.0%)
2026-06-04 09:45:00,2026-06-04 10:15:00,LONG,235.23,248.2,0.053137524975555836,209544.95145032974,TP (+3.5%)
2026-06-04 10:30:00,2026-06-04 10:45:00,LONG,242.67,251.84,0.03578794247331774,217044.1341184083,TP (+3.5%)
2026-06-04 11:30:00,2026-06-04 13:00:00,LONG,256.695,263.58,0.02482171448606319,222431.54164637026,TimeStop (90m)
2026-06-04 15:45:00,2026-06-05 09:30:00,LONG,262.83,220.25,-0.16400585930068862,185951.4655230804,SL (-2.0%)
2026-06-05 09:45:00,2026-06-05 10:00:00,LONG,213.715,223.6,0.044253187656458325,194180.4106218667,TP (+3.5%)
2026-06-05 10:15:00,2026-06-05 11:00:00,LONG,220.3,215.47,-0.02392464820699052,189534.71260904957,Trailing SL
2026-06-05 11:15:00,2026-06-05 12:00:00,LONG,215.08,209.21,-0.029292170355216682,183982.82951907825,SL (-2.0%)
2026-06-05 12:15:00,2026-06-05 12:30:00,LONG,205.55,199.17,-0.033038676720992574,177904.28029238392,SL (-2.0%)
2026-06-05 12:45:00,2026-06-05 13:00:00,LONG,203.55,198.41,-0.02725178088921648,173056.0718266021,SL (-2.0%)
2026-06-05 13:15:00,2026-06-05 14:00:00,LONG,202.22,195.99,-0.0328080308574819,167378.44288204034,SL (-2.0%)
2026-06-05 14:15:00,2026-06-05 14:30:00,LONG,193.21,188.39,-0.026946948915687705,162868.10453211065,SL (-2.0%)
2026-06-05 14:45:00,2026-06-05 15:00:00,LONG,194.8,186.99,-0.04209240246406572,156012.59472758553,SL (-2.0%)
2026-06-05 15:15:00,2026-06-05 15:45:00,LONG,193.0,182.08,-0.058580310880828955,146873.3284271188,SL (-2.0%)
2026-06-08 09:30:00,2026-06-08 09:45:00,LONG,211.19,202.26,-0.04428419906245564,140369.16071408684,SL (-2.0%)
2026-06-08 10:00:00,2026-06-08 10:45:00,LONG,206.44,216.09,0.044744816895950425,146649.95310807688,TP (+3.5%)
2026-06-08 15:15:00,2026-06-09 09:30:00,LONG,211.0,227.68,0.07705213270142183,157949.6447556177,TP (+3.5%)
2026-06-09 09:45:00,2026-06-09 10:00:00,LONG,225.63,214.725,-0.05033133891769712,149999.82765349283,SL (-2.0%)
2026-06-09 10:15:00,2026-06-09 10:30:00,LONG,213.0,203.98,-0.04434741784037564,143347.72262055904,SL (-2.0%)
2026-06-09 10:45:00,2026-06-09 11:15:00,LONG,204.1,187.42,-0.08372464478196966,131345.98546384842,SL (-2.0%)
2026-06-09 11:30:00,2026-06-09 11:45:00,SHORT,191.99,178.78,0.06680566696182097,140120.64162551844,TP (+3.5%)
2026-06-09 12:00:00,2026-06-09 12:15:00,LONG,172.65,168.76,-0.024531132348682393,136683.32362102057,SL (-2.0%)
2026-06-09 12:30:00,2026-06-09 13:00:00,LONG,164.0,178.13,0.08415853658536582,148186.39211258962,TP (+3.5%)
2026-06-09 13:15:00,2026-06-09 13:45:00,LONG,181.75,184.75,0.014506189821182942,150336.01204549108,Trailing SL
2026-06-09 14:00:00,2026-06-09 14:30:00,LONG,186.15,189.36,0.015244157937147505,152627.75795675343,Trailing SL
2026-06-09 14:45:00,2026-06-09 15:00:00,LONG,196.34,189.65,-0.03607354588978302,147121.9335260458,SL (-2.0%)
2026-06-09 15:15:00,2026-06-09 15:45:00,LONG,191.0,201.64,0.05370680628272244,155023.3827098687,TP (+3.5%)
2026-06-10 09:30:00,2026-06-10 10:15:00,LONG,200.8,208.2,0.034852589641434145,160426.34905228275,TP (+3.5%)
2026-06-10 11:00:00,2026-06-10 12:00:00,LONG,185.02,184.39,-0.005405037293265722,159559.2386528327,Trailing SL
2026-06-10 12:15:00,2026-06-10 13:00:00,LONG,185.24,181.43,-0.022567911898078177,155958.31981239113,SL (-2.0%)
2026-06-10 13:15:00,2026-06-10 13:45:00,LONG,182.53,188.94,0.03311751492905274,161123.27179708797,TP (+3.5%)
2026-06-10 14:00:00,2026-06-10 14:30:00,LONG,188.07,183.28,-0.027469240176529977,156697.33794606544,SL (-2.0%)
2026-06-10 14:45:00,2026-06-11 09:30:00,LONG,181.6,198.2,0.08940969162995592,170707.5986110581,TP (+3.5%)
2026-06-11 15:30:00,2026-06-12 10:00:00,SHORT,223.73,232.65,-0.04186948554060706,163560.15927934065,SL (-2.0%)
2026-06-12 15:30:00,2026-06-15 09:30:00,LONG,236.48,266.63,0.12549492557510153,184086.12929515322,TP (+3.5%)
2026-06-15 15:30:00,2026-06-16 10:15:00,SHORT,273.185,260.6,0.0440676830719109,192198.37849886683,TP (+3.5%)
2026-06-16 10:30:00,2026-06-16 10:45:00,LONG,261.33,251.72,-0.03877342823250291,184746.18846373758,SL (-2.0%)
2026-06-16 11:00:00,2026-06-16 11:15:00,LONG,252.08,244.41,-0.032426848619485936,178755.45177739693,SL (-2.0%)
2026-06-16 11:30:00,2026-06-16 12:30:00,LONG,240.21,245.14,0.018523708421797506,182066.6656449281,Trailing SL
2026-06-16 12:45:00,2026-06-16 14:15:00,LONG,245.83,243.07,-0.013227270878249275,179658.420540543,TimeStop (90m)
2026-06-16 14:30:00,2026-06-16 15:00:00,LONG,240.77,235.28,-0.024801844083565262,175202.56040599686,SL (-2.0%)
2026-06-16 15:15:00,2026-06-16 15:45:00,LONG,239.27,226.01,-0.05741856480127061,165142.6808379766,SL (-2.0%)
2026-06-17 09:45:00,2026-06-17 10:15:00,LONG,236.89,247.66,0.04346413947401752,172320.4653510316,TP (+3.5%)
2026-06-17 10:45:00,2026-06-17 12:15:00,LONG,244.06,248.57,0.01647906252560842,175160.1450739932,TimeStop (90m)
2026-06-17 14:15:00,2026-06-17 14:30:00,SHORT,244.84,259.05,-0.06003790230354521,164643.89739656597,SL (-2.0%)
2026-06-17 15:00:00,2026-06-17 15:15:00,SHORT,253.77,244.26,0.035474878827284624,170484.61970636103,TP (+3.5%)
2026-06-17 15:30:00,2026-06-18 09:30:00,LONG,234.69,266.85,0.13503182922152637,193505.46975944727,TP (+3.5%)
2026-06-18 14:30:00,2026-06-18 15:30:00,SHORT,278.79,284.68,-0.023127013164030222,189030.26621300867,SL (-2.0%)
2026-06-18 15:45:00,2026-06-22 09:30:00,SHORT,279.32,290.8,-0.04309981383359594,180883.09693031292,SL (-2.0%)
2026-06-22 09:45:00,2026-06-22 10:45:00,SHORT,297.59,294.77,0.007476124869787269,182235.40154979777,Trailing SL
2026-06-22 11:00:00,2026-06-22 12:30:00,SHORT,294.31,290.67,0.01036791138595354,184124.80204444975,TimeStop (90m)
2026-06-22 13:45:00,2026-06-22 15:15:00,SHORT,294.5,291.81,0.007134125636672319,185438.3715150623,TimeStop (90m)
2026-06-22 15:30:00,2026-06-22 15:45:00,SHORT,293.83,301.42,-0.027831262975189848,180277.38743173564,SL (-2.0%)
2026-06-23 09:30:00,2026-06-23 09:45:00,LONG,234.91,246.31,0.04652922395811164,188665.55436613012,TP (+3.5%)
2026-06-23 10:00:00,2026-06-23 10:15:00,LONG,250.52,245.37,-0.02255724093884722,184409.77999943212,SL (-2.0%)
2026-06-23 10:30:00,2026-06-23 11:45:00,SHORT,238.33,234.97,0.012098099274115778,186640.7878249831,Trailing SL
2026-06-23 13:30:00,2026-06-23 14:30:00,LONG,234.51,226.49,-0.036198968061063416,179884.58390761484,SL (-2.0%)
2026-06-23 14:45:00,2026-06-24 09:30:00,LONG,226.47,222.8,-0.018205236896719157,176609.74244350896,Trailing SL
2026-06-24 09:45:00,2026-06-24 10:45:00,LONG,226.02,234.92,0.03737704627909024,183210.89296015823,TP (+3.5%)
2026-06-24 11:00:00,2026-06-24 12:30:00,LONG,229.93,227.55,-0.012350976384116885,180948.05954789437,TimeStop (90m)
2026-06-24 12:45:00,2026-06-24 13:15:00,LONG,225.18,217.44,-0.03637250199840132,174366.52589038174,SL (-2.0%)
2026-06-24 14:00:00,2026-06-24 14:15:00,SHORT,217.6,223.64,-0.029757352941176436,169177.83963833487,SL (-2.0%)
2026-06-24 14:30:00,2026-06-24 15:00:00,LONG,219.18,212.79,-0.03115411990145093,163907.25293757376,SL (-2.0%)
2026-06-24 15:15:00,2026-06-24 15:45:00,LONG,218.6,229.99,0.050104300091491374,172119.71112592993,TP (+3.5%)
2026-06-25 09:30:00,2026-06-25 09:45:00,LONG,249.32,226.25,-0.09453168618642706,155848.94460727504,SL (-2.0%)
2026-06-25 10:00:00,2026-06-25 11:00:00,LONG,236.93,241.365,0.01671860887181869,158454.5221552498,Trailing SL
2026-06-25 15:30:00,2026-06-26 09:30:00,LONG,250.245,219.08,-0.12653795280624983,138404.01130883195,SL (-2.0%)
2026-06-26 09:45:00,2026-06-26 11:00:00,SHORT,224.2,214.8,0.03992685102586966,143930.04764974245,TP (+3.5%)
2026-06-26 11:15:00,2026-06-26 11:30:00,SHORT,219.75,224.62,-0.024161547212741774,140452.47500812102,SL (-2.0%)
2026-06-26 11:45:00,2026-06-26 13:00:00,SHORT,221.15,225.91,-0.02352385258874063,137148.4916903062,SL (-2.0%)
2026-06-26 14:15:00,2026-06-26 15:45:00,LONG,216.53,215.005,-0.009042903985590937,135908.27104818216,Trailing SL
2026-06-29 09:45:00,2026-06-29 10:00:00,LONG,209.09,196.28,-0.06326548376297289,127309.96853292966,SL (-2.0%)
2026-06-29 10:15:00,2026-06-29 10:45:00,SHORT,206.72,217.68,-0.05501857585139323,120305.55537256219,SL (-2.0%)
2026-06-29 11:00:00,2026-06-29 12:00:00,LONG,219.72,229.45,0.042283633715638036,125392.51140989202,TP (+3.5%)
2026-06-29 15:00:00,2026-06-30 09:30:00,SHORT,234.32,250.43,-0.07075213383407312,116520.72366082881,SL (-2.0%)
2026-06-30 14:30:00,2026-07-01 09:30:00,SHORT,269.06,235.93,0.12113238682821674,130635.15703281607,TP (+3.5%)
2026-07-01 09:45:00,2026-07-01 10:30:00,SHORT,241.69,228.31,0.0533601721213124,137605.87149718183,TP (+3.5%)
2026-07-01 10:45:00,2026-07-01 11:15:00,SHORT,226.31,231.1,-0.023165657726127845,134418.1409769726,SL (-2.0%)
2026-07-01 11:30:00,2026-07-01 13:00:00,SHORT,230.315,223.08,0.029413498903675332,138371.84881923287,TimeStop (90m)
2026-07-01 13:15:00,2026-07-01 14:45:00,SHORT,223.5,218.35,0.02104250559284119,141283.53922190334,TimeStop (90m)
2026-07-01 15:00:00,2026-07-01 15:45:00,LONG,224.45,217.7,-0.03207351303185565,136752.07978548293,SL (-2.0%)
2026-07-02 09:30:00,2026-07-02 09:45:00,LONG,216.2,224.14,0.034725254394079544,141500.83054495326,TP (+3.5%)
2026-07-02 10:15:00,2026-07-02 10:30:00,LONG,204.165,196.03,-0.04184522322631201,135579.69670409115,SL (-2.0%)
2026-07-02 10:45:00,2026-07-02 11:00:00,LONG,197.77,190.72,-0.03764746928249993,130475.46423709323,SL (-2.0%)
2026-07-02 11:15:00,2026-07-02 12:15:00,LONG,189.7,181.47,-0.04538429098576695,124553.92780165396,SL (-2.0%)
2026-07-02 12:30:00,2026-07-02 12:45:00,LONG,182.43,177.64,-0.028256646384914874,121034.4515079104,SL (-2.0%)
2026-07-02 13:00:00,2026-07-02 13:45:00,LONG,176.19,171.39,-0.02924331687382945,117495.00268981444,SL (-2.0%)
2026-07-02 14:00:00,2026-07-02 15:30:00,LONG,176.1,174.26,-0.012448608745031252,116032.35337183255,TimeStop (90m)
2026-07-02 15:45:00,2026-07-06 09:30:00,LONG,181.54,203.69,0.12001167786713675,129957.5907868587,TP (+3.5%)
2026-07-06 09:45:00,2026-07-06 10:15:00,LONG,205.1,207.3,0.008726474890297499,131091.66243966378,Trailing SL
2026-07-06 10:30:00,2026-07-06 11:00:00,LONG,209.24,202.67,-0.033399350028675306,126713.2861200005,SL (-2.0%)
2026-07-06 11:15:00,2026-07-06 12:45:00,LONG,204.87,200.79,-0.021915068091960817,123936.35582652457,TimeStop (90m)
2026-07-06 15:00:00,2026-07-07 09:30:00,SHORT,199.06,170.08,0.14358424595599312,141731.66402440975,TP (+3.5%)
2026-07-07 09:45:00,2026-07-07 10:00:00,LONG,162.66,156.34,-0.04085405139554896,135941.35133797984,SL (-2.0%)
2026-07-07 10:15:00,2026-07-07 10:30:00,LONG,155.25,150.6,-0.031951690821256075,131597.79531020497,SL (-2.0%)
2026-07-07 10:45:00,2026-07-07 12:00:00,LONG,155.91,164.81,0.05508421525238923,138846.75659381214,TP (+3.5%)
2026-07-07 12:15:00,2026-07-07 13:45:00,LONG,168.21,167.89,-0.0039023839248559632,138304.92324286205,TimeStop (90m)
2026-07-07 14:00:00,2026-07-07 14:30:00,LONG,167.55,162.68,-0.031065950462548515,134008.34934867272,SL (-2.0%)
2026-07-07 14:45:00,2026-07-08 09:30:00,LONG,160.515,170.64,0.061078216989066444,142193.3403885376,TP (+3.5%)
2026-07-08 09:45:00,2026-07-08 10:00:00,LONG,173.91,168.74,-0.031728020240354135,137681.8272066465,SL (-2.0%)
2026-07-08 10:15:00,2026-07-08 11:00:00,LONG,170.99,164.48,-0.040072401894847766,132164.58569320478,SL (-2.0%)
2026-07-08 11:15:00,2026-07-08 12:00:00,LONG,161.47,167.89,0.03775970768563812,137155.08181537368,TP (+3.5%)
2026-07-08 12:15:00,2026-07-08 13:00:00,LONG,169.9,172.3,0.01212595644496766,138818.21836367287,Trailing SL
2026-07-08 15:30:00,2026-07-09 09:30:00,LONG,173.88,202.76,0.1640915573959052,161597.1160098928,TP (+3.5%)
2026-07-09 15:00:00,2026-07-10 09:30:00,SHORT,193.83,182.39,0.05702079141515774,170811.51145518394,TP (+3.5%)
2026-07-10 09:45:00,2026-07-10 11:15:00,SHORT,187.01,190.43,-0.020287792096679406,167346.12302306158,TimeStop (90m)
2026-07-10 15:30:00,2026-07-13 09:30:00,LONG,192.62,167.345,-0.13321690374831277,145052.79065964508,SL (-2.0%)
2026-07-13 09:45:00,2026-07-13 10:15:00,SHORT,170.29,176.0,-0.03553103529273597,139898.9148354074,SL (-2.0%)
2026-07-13 11:30:00,2026-07-13 12:30:00,SHORT,172.475,164.93,0.041745470358022826,145739.06083778848,TP (+3.5%)
2026-07-13 12:45:00,2026-07-13 14:15:00,SHORT,165.35,163.33,0.010216510432415978,147228.00547324825,TimeStop (90m)
2026-07-13 14:30:00,2026-07-14 09:30:00,LONG,163.95,177.57,0.08107410795974386,159164.38468368415,TP (+3.5%)
2026-07-14 10:00:00,2026-07-14 11:00:00,LONG,173.44,180.91,0.04106964944649446,165701.21016701005,TP (+3.5%)
2026-07-14 15:15:00,2026-07-15 10:00:00,LONG,176.07,170.48,-0.03374873629806329,160109.00372081366,SL (-2.0%)
2026-07-15 10:15:00,2026-07-15 10:45:00,SHORT,166.16,162.95,0.01731872893596538,162881.8881564619,Trailing SL
2026-07-15 11:00:00,2026-07-15 12:00:00,SHORT,159.35,151.72,0.04588202070913081,170355.23832199903,TP (+3.5%)
2026-07-15 12:15:00,2026-07-15 13:00:00,LONG,151.67,157.53,0.03663651348322024,176596.46030772015,TP (+3.5%)
2026-07-15 13:15:00,2026-07-15 14:00:00,SHORT,160.34,163.94,-0.024452288886116967,172278.27264401008,SL (-2.0%)
2026-07-15 15:00:00,2026-07-16 09:30:00,LONG,162.71,146.91,-0.09910527933132574,155204.58631090718,SL (-2.0%)
2026-07-16 09:45:00,2026-07-16 10:00:00,SHORT,148.06,152.63,-0.032865865189787874,150103.6533003761,SL (-2.0%)
2026-07-16 11:00:00,2026-07-16 12:00:00,LONG,145.11,142.06,-0.02301853766108477,146648.486703815,SL (-2.0%)
2026-07-16 12:15:00,2026-07-16 13:30:00,LONG,141.88,138.56,-0.025400056385677994,142923.60687266375,SL (-2.0%)
2026-07-16 13:45:00,2026-07-16 14:45:00,LONG,138.6,139.92,0.007523809523809474,143998.9368672295,Trailing SL
2026-07-16 15:00:00,2026-07-17 09:30:00,LONG,140.36,117.79,-0.1628007979481334,120555.79504156165,SL (-2.0%)
2026-07-17 09:45:00,2026-07-17 10:00:00,LONG,127.655,133.46,0.0434741294896401,125796.85328592501,TP (+3.5%)
2026-07-17 10:15:00,2026-07-17 10:45:00,LONG,133.53,130.32,-0.02603954167602792,122521.16088207299,SL (-2.0%)
2026-07-17 11:00:00,2026-07-17 11:45:00,LONG,129.575,139.56,0.07505961798186389,131717.55241257587,TP (+3.5%)
2026-07-17 12:00:00,2026-07-17 13:30:00,LONG,141.42,140.56,-0.008081176636967793,130653.11960534078,TimeStop (90m)
2026-07-17 13:45:00,2026-07-17 14:30:00,LONG,138.615,135.31,-0.02584301843234864,127276.6486271361,SL (-2.0%)
2026-07-17 14:45:00,2026-07-17 15:00:00,LONG,137.305,133.43,-0.030221841884854883,123430.11387669257,SL (-2.0%)
2026-07-17 15:15:00,2026-07-20 09:30:00,LONG,135.615,147.95,0.08895601519005994,134409.96496161848,TP (+3.5%)
2026-07-20 09:45:00,2026-07-20 11:00:00,SHORT,143.5,141.62,0.011101045296167216,135902.05607091365,Trailing SL
2026-07-20 12:45:00,2026-07-20 14:15:00,SHORT,141.835,141.16,0.002759051009976461,136277.01677597399,TimeStop (90m)
2026-07-20 14:30:00,2026-07-21 09:30:00,SHORT,140.17,152.94,-0.09310365984162097,123589.12776183283,Trailing SL
2026-07-21 09:45:00,2026-07-21 11:00:00,LONG,152.5,158.32,0.03616393442622946,128058.59687400665,TP (+3.5%)
2026-07-21 14:30:00,2026-07-22 09:30:00,SHORT,159.57,156.79,0.015421821144325382,130033.49365099083,TimeStop (90m)
2026-07-22 09:45:00,2026-07-22 11:00:00,SHORT,160.22,164.0,-0.02559256022968419,126705.60363285159,SL (-2.0%)
2026-07-22 15:30:00,2026-07-23 09:45:00,LONG,162.42,158.49,-0.026196527521241096,123386.35680018812,SL (-2.0%)
2026-07-23 10:30:00,2026-07-23 11:00:00,LONG,158.0,152.5,-0.03681012658227848,118844.48938784702,SL (-2.0%)
2026-07-23 12:15:00,2026-07-23 13:30:00,LONG,158.83,154.26,-0.03077290184473979,115187.29958112659,SL (-2.0%)
2026-07-23 13:45:00,2026-07-23 15:15:00,LONG,153.585,156.18,0.014896181267701916,116903.15047542415,TimeStop (90m)
2026-07-23 15:30:00,2026-07-24 09:30:00,LONG,152.99,149.14,-0.027165043466893406,113727.47131134247,Trailing SL
2026-07-24 09:45:00,2026-07-24 10:45:00,SHORT,141.28,142.305,-0.009255096262740698,112674.91261663791,Trailing SL
2026-07-24 11:00:00,2026-07-24 11:45:00,SHORT,142.88,146.68,-0.028595744680851146,109452.88958351532,SL (-2.0%)
2026-07-24 12:15:00,2026-07-24 13:45:00,SHORT,145.13,142.61,0.015363742851236697,111134.49563340127,TimeStop (90m)
2026-07-24 14:30:00,2026-07-24 15:00:00,LONG,136.49,133.28,-0.025518206462011923,108298.54262877657,SL (-2.0%)
2026-07-24 15:15:00,2026-07-27 09:45:00,LONG,135.79,132.46,-0.026523160762942664,105426.12297224112,SL (-2.0%)
2026-07-27 10:00:00,2026-07-27 10:15:00,LONG,126.37,120.765,-0.04635388145920712,100539.21296528206,SL (-2.0%)
2026-07-27 10:30:00,2026-07-27 10:45:00,LONG,116.61,124.47,0.06540416773861589,107114.8965143718,TP (+3.5%)
2026-07-27 11:00:00,2026-07-27 11:30:00,LONG,120.25,117.71,-0.023122661122661176,104638.11506108106,SL (-2.0%)
2026-07-27 11:45:00,2026-07-27 12:45:00,LONG,119.895,120.75,0.005131239834855532,105175.03832532668,Trailing SL
2026-07-27 13:00:00,2026-07-27 14:30:00,SHORT,120.4,121.28,-0.009308970099667736,104195.9670383248,TimeStop (90m)
2026-07-27 14:45:00,2026-07-27 15:15:00,LONG,125.12,129.6,0.03380562659846539,107718.37699308842,TP (+3.5%)
2026-07-27 15:30:00,2026-07-28 09:30:00,SHORT,127.26,106.58,0.16050196448216256,125007.3881113093,TP (+3.5%)
2026-07-28 09:45:00,2026-07-28 11:15:00,LONG,105.52,109.33,0.0341068991660349,129271.00249263112,TP (+3.5%)
2026-07-28 11:30:00,2026-07-28 13:00:00,LONG,113.01,110.9,-0.02067091407840014,126598.85270727728,TimeStop (90m)
2026-07-28 13:15:00,2026-07-28 14:00:00,LONG,111.07,108.53,-0.024868461330692287,123450.53403421635,SL (-2.0%)
2026-07-28 14:15:00,2026-07-28 15:15:00,LONG,108.67,114.47,0.051372595932640076,129792.50843682479,TP (+3.5%)
2026-07-28 15:30:00,2026-07-29 09:45:00,SHORT,111.6,102.29,0.08142293906810025,140360.59594277226,TP (+3.5%)
2026-07-29 10:00:00,2026-07-29 10:15:00,LONG,100.71,98.26,-0.02632727633800009,136665.28374642052,SL (-2.0%)
2026-07-29 10:30:00,2026-07-29 11:00:00,LONG,95.91,98.06,0.0204168491293922,139455.55822589676,Trailing SL
2026-07-29 11:15:00,2026-07-29 12:00:00,LONG,97.07,92.68,-0.047225095292057144,132869.75619967177,SL (-2.0%)
2026-07-29 12:15:00,2026-07-29 13:00:00,LONG,95.27,99.26,0.03988096987509194,138168.7309439817,TP (+3.5%)
2026-07-29 13:15:00,2026-07-29 14:00:00,LONG,97.015,101.03,0.039385352780497866,143610.55515544413,TP (+3.5%)
2026-07-29 14:15:00,2026-07-29 14:30:00,LONG,99.6,104.94,0.05161445783132534,151022.93609864803,TP (+3.5%)
2026-07-29 14:45:00,2026-07-29 15:15:00,SHORT,107.55,101.36,0.05555462575546256,159412.95879409957,TP (+3.5%)
2026-07-29 15:30:00,2026-07-29 15:45:00,LONG,96.06,92.005,-0.044213200083281355,152364.80175106815,SL (-2.0%)
2026-07-30 09:30:00,2026-07-30 09:45:00,LONG,108.92,113.67,0.041609988982739626,158704.69947328742,TP (+3.5%)
2026-07-30 10:00:00,2026-07-30 10:15:00,SHORT,112.29,117.24,-0.046082286935613045,151391.22397412916,SL (-2.0%)
2026-07-30 10:30:00,2026-07-30 12:00:00,SHORT,115.455,115.85,-0.005421246373045741,150570.49485024845,Trailing SL
2026-07-30 14:00:00,2026-07-30 15:30:00,SHORT,114.6,115.37,-0.008719022687609164,149257.6672895646,TimeStop (90m)
2026-07-30 15:45:00,2026-07-31 09:30:00,SHORT,115.01,121.22,-0.05599530475610811,140899.93872249962,SL (-2.0%)
2026-07-31 09:45:00,2026-07-31 10:00:00,SHORT,121.01,114.95,0.04807850590860261,147674.19725889107,TP (+3.5%)
2026-07-31 10:15:00,2026-07-31 11:45:00,SHORT,119.66,117.055,0.019770015042620673,150593.7183601063,Trailing SL
2026-07-31 14:00:00,2026-07-31 15:30:00,SHORT,117.91,118.06,-0.003272156729709148,150100.95211112234,TimeStop (90m)
2026-07-31 15:45:00,2026-08-03 09:30:00,SHORT,114.66,104.49,0.08669701726844585,163114.25694831047,TP (+3.5%)
2026-08-03 09:45:00,2026-08-03 10:15:00,SHORT,107.45,111.47,-0.03941275011633314,156685.47549879536,SL (-2.0%)
2026-08-03 10:30:00,2026-08-03 10:45:00,SHORT,112.04,116.24,-0.039486611924312645,150498.496933598,SL (-2.0%)
2026-08-03 11:00:00,2026-08-03 12:30:00,SHORT,112.88,113.46,-0.007138199858256541,149424.20858411878,TimeStop (90m)
2026-08-03 15:30:00,2026-08-04 09:30:00,SHORT,116.87,134.3,-0.1511400701634295,126840.22321460013,SL (-2.0%)
2026-08-04 09:45:00,2026-08-04 11:00:00,SHORT,133.17,137.55,-0.034890290605992524,122414.73096611378,SL (-2.0%)
2026-08-04 14:45:00,2026-08-05 09:45:00,SHORT,141.3,142.255,-0.008758669497522888,121342.5407959534,TimeStop (90m)
2026-08-05 10:15:00,2026-08-05 11:30:00,SHORT,135.18,135.15,-0.001778073679538385,121126.7848179558,Trailing SL
2026-08-05 15:00:00,2026-08-05 15:45:00,LONG,137.1,131.67,-0.04160612691466088,116087.16843605512,SL (-2.0%)
2026-08-06 09:30:00,2026-08-06 10:00:00,LONG,129.77,137.61,0.05841457964090316,122868.35158195,TP (+3.5%)
2026-08-06 15:15:00,2026-08-07 09:30:00,LONG,134.8,142.62,0.056011869436201726,129750.43764859952,TP (+3.5%)
2026-08-07 15:00:00,2026-08-10 10:00:00,SHORT,139.96,140.13,-0.003214632752214829,129333.33764212012,Trailing SL
2026-08-10 10:15:00,2026-08-10 11:30:00,SHORT,137.01,135.0,0.012670462010072192,130972.05078335044,Trailing SL
2026-08-10 15:00:00,2026-08-10 15:45:00,LONG,134.77,130.0,-0.03739363359798182,126074.52990478156,SL (-2.0%)
2026-08-11 09:30:00,2026-08-11 11:00:00,LONG,135.3,134.15,-0.010499630450850004,124750.79393151672,TimeStop (90m)
2026-08-11 15:15:00,2026-08-12 09:30:00,SHORT,131.78,144.895,-0.10152193049021102,112085.85250140264,SL (-2.0%)
2026-08-12 09:45:00,2026-08-12 11:15:00,SHORT,145.93,145.55,0.0006039882135270023,112153.5510352166,TimeStop (90m)
2026-08-12 14:15:00,2026-08-12 15:45:00,SHORT,145.95,142.175,0.023865022267899813,114830.09802809608,TimeStop (90m)
2026-08-13 10:00:00,2026-08-13 11:00:00,SHORT,149.61,152.825,-0.023489205267027434,112132.83028468124,SL (-2.0%)
2026-08-13 15:00:00,2026-08-13 15:30:00,LONG,148.5,145.3,-0.023548821548821472,109492.234274543,SL (-2.0%)
2026-08-13 15:45:00,2026-08-14 10:45:00,LONG,145.21,143.56,-0.013362853797947839,108029.10555592163,TimeStop (90m)
2026-08-14 14:30:00,2026-08-17 09:30:00,LONG,141.765,152.26,0.07203096674073294,115810.54646525135,TP (+3.5%)
2026-08-17 14:45:00,2026-08-18 09:30:00,LONG,153.93,132.405,-0.14183628922237385,99384.40830180478,SL (-2.0%)
2026-08-18 09:45:00,2026-08-18 10:00:00,LONG,130.48,127.33,-0.026141630901287488,96786.33778263615,SL (-2.0%)
2026-08-18 10:15:00,2026-08-18 10:30:00,LONG,129.95,127.065,-0.02420084647941509,94444.02648065376,SL (-2.0%)
2026-08-18 10:45:00,2026-08-18 12:15:00,LONG,123.83,124.83,0.006075587498990552,95017.82942729395,Trailing SL
2026-08-18 12:30:00,2026-08-18 14:00:00,SHORT,125.76,124.05,0.011597328244274872,96119.7823842208,TimeStop (90m)
2026-08-18 14:15:00,2026-08-18 15:45:00,LONG,125.31,128.95,0.02704796105657957,98719.6265149161,TimeStop (90m)
2026-08-19 09:30:00,2026-08-19 09:45:00,LONG,126.61,122.01,-0.038332043282521086,94935.50151851203,SL (-2.0%)
2026-08-19 10:00:00,2026-08-19 10:30:00,LONG,117.125,122.43,0.043293489861259395,99045.5906909773,TP (+3.5%)
2026-08-19 10:45:00,2026-08-19 12:15:00,LONG,122.73,122.65,-0.002651837366577025,98782.93789258828,TimeStop (90m)
2026-08-19 12:30:00,2026-08-19 13:30:00,LONG,123.27,120.8,-0.022037316459803676,96606.02702942018,SL (-2.0%)
2026-08-19 14:00:00,2026-08-19 15:30:00,LONG,119.15,121.22,0.015373059169114503,98091.15719903653,TimeStop (90m)
2026-08-19 15:45:00,2026-08-20 10:45:00,LONG,120.605,122.91,0.017111977115376584,99769.69083624725,TimeStop (90m)
2026-08-20 11:00:00,2026-08-20 11:30:00,LONG,122.35,119.82,-0.022678381691867602,97507.0757061832,SL (-2.0%)
2026-08-20 12:00:00,2026-08-20 13:30:00,LONG,120.61,120.75,-0.0008392338943702797,97425.24446330965,TimeStop (90m)
2026-08-20 15:15:00,2026-08-21 09:30:32,LONG,122.25,126.01499938964844,0.02879754101961912,100230.85193708823,TimeStop (90m)
2026-08-21 09:45:00,2026-08-21 10:00:00,LONG,122.25,118.41,-0.03341104294478531,96882.03463862574,SL (-2.0%)
2026-08-21 10:15:00,2026-08-21 11:45:00,SHORT,119.29,119.53,-0.004011903763936582,96493.35323920121,TimeStop (90m)
2026-08-21 15:15:00,2026-08-24 09:30:00,LONG,120.945,108.17,-0.10762652445326382,86108.1089972249,SL (-2.0%)
2026-08-24 09:45:00,2026-08-24 11:15:00,SHORT,107.71,108.25,-0.007013462074087887,85504.19304050144,TimeStop (90m)
2026-08-24 12:15:00,2026-08-24 13:45:00,LONG,111.85,110.13,-0.017377738042020554,84018.32357234925,TimeStop (90m)
2026-08-24 14:00:00,2026-08-24 15:30:00,LONG,112.16,111.37,-0.009043509272467831,83258.50308406551,TimeStop (90m)
2026-08-24 15:45:00,2026-08-25 09:30:00,LONG,111.18,117.46,0.05448497931282593,87794.84090221768,TP (+3.5%)
2026-08-25 10:30:00,2026-08-25 12:00:00,LONG,114.97,116.05,0.007393754892580658,88443.97443668179,TimeStop (90m)
2026-08-25 14:45:00,2026-08-26 09:30:03,LONG,115.77,115.16000366210938,-0.007269036346986448,87801.0719718296,TimeStop (90m)
2026-08-26 15:15:00,2026-08-27 09:30:00,LONG,116.78,122.58,0.04766603870525772,91986.20126680195,TP (+3.5%)
2026-08-27 09:45:00,2026-08-27 10:30:00,LONG,118.89,120.655,0.01284565564807806,93167.82433265008,Trailing SL
2026-08-27 15:00:00,2026-08-27 15:45:00,SHORT,120.22,123.34,-0.02795242056230248,90563.55812402912,SL (-2.0%)
2026-08-28 10:00:00,2026-08-28 10:15:00,SHORT,117.05,119.43,-0.02233319094404109,88540.98488787342,SL (-2.0%)
2026-08-28 12:00:00,2026-08-28 13:30:00,SHORT,112.32,111.95,0.0012941595441594584,88655.57104851535,TimeStop (90m)
2026-08-28 15:00:00,2026-08-31 09:30:27,LONG,111.725,113.49980163574219,0.013885447623559572,89886.59333684627,TimeStop (90m)
2026-08-31 14:30:00,2026-09-01 09:30:00,LONG,111.64,103.515,-0.07477857398781798,83165.00206649401,SL (-2.0%)
2026-09-01 09:45:00,2026-09-01 10:45:00,SHORT,103.59,105.87,-0.024009846510280923,81168.22313185029,SL (-2.0%)
2026-09-01 14:30:00,2026-09-02 09:30:00,LONG,103.11,104.92,0.015554068470565436,82430.71923207723,Trailing SL
2026-09-02 09:45:00,2026-09-02 10:15:00,LONG,102.65,106.68,0.037259620068192896,85502.05651261231,TP (+3.5%)
2026-09-02 15:15:00,2026-09-03 09:30:00,LONG,106.26,101.295,-0.048725014116318494,81335.96760206102,SL (-2.0%)
2026-09-03 10:00:00,2026-09-03 10:45:00,SHORT,99.955,103.88,-0.041267670451703244,77979.42169518875,SL (-2.0%)
2026-09-03 15:45:00,2026-09-04 09:30:00,LONG,106.82,114.72,0.07195618797977912,83590.52362124223,TP (+3.5%)
2026-09-04 14:30:00,2026-09-08 09:30:00,SHORT,116.34,121.75,-0.04850163314423239,79536.24671023045,SL (-2.0%)
2026-09-08 15:30:00,2026-09-09 09:45:00,SHORT,123.26,127.27010345458984,-0.03453369669470906,76789.5660901038,SL (-2.0%)
2026-09-09 15:45:00,2026-09-10 09:30:00,SHORT,125.90499877929688,115.69999694824219,0.07905319034189723,82860.02627449647,TP (+3.5%)
2026-09-10 09:45:00,2026-09-10 10:15:00,SHORT,113.87000274658203,117.08999633789062,-0.030277803755521963,80351.20665977988,SL (-2.0%)
2026-09-10 15:00:00,2026-09-11 09:30:00,LONG,116.41999816894531,121.96499633789062,0.04562925834184065,84017.57262653761,TP (+3.5%)
2026-09-11 15:15:00,2026-09-14 09:30:00,LONG,121.76000213623047,102.22000122070312,-0.1624796367666381,70366.42794416315,SL (-2.0%)
2026-09-14 10:00:00,2026-09-14 11:00:00,SHORT,104.37120056152344,100.44940185546875,0.03557548715503099,72869.74789763613,TP (+3.5%)
2026-09-14 14:15:00,2026-09-14 15:45:00,LONG,104.08899688720703,101.13500213623047,-0.030379510220254806,70656.0006466325,SL (-2.0%)
2026-09-15 09:30:00,2026-09-15 11:00:00,LONG,104.37999725341797,102.41000366210938,-0.020873286483479817,69181.17770335841,TimeStop (90m)
